name,email,phone,ticket_name,registered_at,category,college,campus_ambassador_referal_code,event_register_id,ticket_code,approval_status,amount,coupon,no_of_tickets,ticket_url,ticket_and_count,utm_source
Sidharth,sidhumullanchery@gmail.com,+919383499599,Day 3 pass,2026-09-26 01:06:16,Student,,,2534d8c0-f58e-4a45-9a7c-8c5b1f4446e2,MMP38688659,Approved,309.97,EARLYBIRD3,1,https://hoomans-blob-prod.s3.ap-south-1.amazonaws.com/makemypass/event/3cafaf7e-4a5a-4e55-ad88-8355299b7137/event_register/2534d8c0-f58e-4a45-9a7c-8c5b1f4446e2/ticket.png,Day 3 pass: 1,
V Gayathri,gayathriv10a@gmail.com,+918907862549,Day 3 pass,2026-09-26 01:08:50,Student,,,925ae4e7-e79c-4806-94da-41bb13d6495c,MMP31992505,Approved,1239.89,EARLYBIRD3,4,https://hoomans-blob-prod.s3.ap-south-1.amazonaws.com/makemypass/event/3cafaf7e-4a5a-4e55-ad88-8355299b7137/event_register/925ae4e7-e79c-4806-94da-41bb13d6495c/ticket.png,Day 3 pass: 4,
Gokul,paarvathis777@gmail.com,+919188243763,Day 3 pass,2026-09-26 01:13:05,,,,0cda210d-ca85-4fd5-b493-65925c7f8abb,MMP96890143,Approved,309.97,EARLYBIRD3,1,https://hoomans-blob-prod.s3.ap-south-1.amazonaws.com/makemypass/event/3cafaf7e-4a5a-4e55-ad88-8355299b7137/event_register/0cda210d-ca85-4fd5-b493-65925c7f8abb/ticket.png,Day 3 pass: 1,
Vishnu V Ram,vishnuvramforpc@gmail.com,+919645239037,Day 3 pass,2026-09-26 01:20:50,Student,,,449aa2c3-1278-44b5-a725-ec373138313a,MMP96067010,Approved,1239.89,EARLYBIRD3,4,https://hoomans-blob-prod.s3.ap-south-1.amazonaws.com/makemypass/event/3cafaf7e-4a5a-4e55-ad88-8355299b7137/event_register/449aa2c3-1278-44b5-a725-ec373138313a/ticket.png,Day 3 pass: 4,
Fatheen,khansfatheen@gmail.com,+918943445365,Day 3 pass,2026-09-26 01:25:03,Student,,nil,ddcb15fb-035b-4992-a531-3f7a6dc785f3,MMP41637735,Approved,929.92,EARLYBIRD3,3,https://hoomans-blob-prod.s3.ap-south-1.amazonaws.com/makemypass/event/3cafaf7e-4a5a-4e55-ad88-8355299b7137/event_register/ddcb15fb-035b-4992-a531-3f7a6dc785f3/77-ticket.png,Day 3 pass: 3,
Fatheen,khansfatheen@gmail.com,+918943445365,Day 2 Pass,2026-09-26 01:29:00,Student,,,3e6cf385-5fe7-4792-912a-93d3c9c1d48f,MMP58199043,Approved,413.64,EARLYBIRD50,1,https://hoomans-blob-prod.s3.ap-south-1.amazonaws.com/makemypass/event/3cafaf7e-4a5a-4e55-ad88-8355299b7137/event_register/3e6cf385-5fe7-4792-912a-93d3c9c1d48f/4-ticket.png,Day 2 Pass: 1,
Arjun B,auroranot2001@gmail.com,+917356371294,Day 3 pass,2026-09-26 01:55:27,Professional,,,ca823be2-d3f3-4a8c-b3ee-667a8dc0fef7,MMP51403190,Approved,309.97,EARLYBIRD3,1,https://hoomans-blob-prod.s3.ap-south-1.amazonaws.com/makemypass/event/3cafaf7e-4a5a-4e55-ad88-8355299b7137/event_register/ca823be2-d3f3-4a8c-b3ee-667a8dc0fef7/5-ticket.png,Day 3 pass: 1,
AJMAL ROSHAN,ajmalroshanav9@gmail.com,+919072478660,Day 3 pass,2026-09-26 03:47:30,,,,ae37c8f8-8e02-4303-8206-5f069d4adb34,MMP15906564,Approved,309.97,EARLYBIRD3,1,https://hoomans-blob-prod.s3.ap-south-1.amazonaws.com/makemypass/event/3cafaf7e-4a5a-4e55-ad88-8355299b7137/event_register/ae37c8f8-8e02-4303-8206-5f069d4adb34/ticket.png,Day 3 pass: 1,
Nikhil S,nikhil.sanil14@gmail.com,+919207508986,Day 3 pass,2026-09-26 04:10:46,Professional,,,782eacc0-cbc1-442d-ac57-1d2598a107f0,MMP98556693,Approved,309.97,EARLYBIRD3,1,https://hoomans-blob-prod.s3.ap-south-1.amazonaws.com/makemypass/event/3cafaf7e-4a5a-4e55-ad88-8355299b7137/event_register/782eacc0-cbc1-442d-ac57-1d2598a107f0/ticket.png,Day 3 pass: 1,
Abhishek S,abhixshake@gmail.con,+919447073740,Day 2 Pass,2026-09-26 05:40:53,Professional,,,58cdf65b-2be0-4eaa-9ba8-b8d6bbd31af6,MMP85685334,Approved,1240.93,EARLYBIRD50,3,https://hoomans-blob-prod.s3.ap-south-1.amazonaws.com/makemypass/event/3cafaf7e-4a5a-4e55-ad88-8355299b7137/event_register/58cdf65b-2be0-4eaa-9ba8-b8d6bbd31af6/ticket.png,Day 2 Pass: 3,
Saniya Shereef,saniyashereef28@gmail.com,+917592838752,Day 3 pass,2026-09-26 06:36:15,Student,"D C Schoold of Architecture and Design, Trivandrum",,2e2c01e4-a5a9-412f-bc42-dc867cc88e44,MMP90068235,Approved,309.97,EARLYBIRD3,1,https://hoomans-blob-prod.s3.ap-south-1.amazonaws.com/makemypass/event/3cafaf7e-4a5a-4e55-ad88-8355299b7137/event_register/2e2c01e4-a5a9-412f-bc42-dc867cc88e44/ticket.png,Day 3 pass: 1,
Malavika G Raj,malavikagraj@gmail.com,+916238528557,Festival pass,2026-09-26 06:59:26,Professional,,DHWANIFEST,e7df2952-7661-42ea-bd07-901f3bd92cb5,MMP93806012,Approved,1449.31,DHWANIFEST,2,https://hoomans-blob-prod.s3.ap-south-1.amazonaws.com/makemypass/event/3cafaf7e-4a5a-4e55-ad88-8355299b7137/event_register/e7df2952-7661-42ea-bd07-901f3bd92cb5/ticket.png,Festival pass: 2,
Athul Krishna k,athul28krishna2007@gmail.com,+919447109092,Day 3 pass,2026-09-26 07:16:20,Student,Sree Chitra thirunnal collage of engineering,,31a2020a-90e0-4ae5-b3b0-c143c6974065,MMP80719759,Approved,309.97,EARLYBIRD3,1,https://hoomans-blob-prod.s3.ap-south-1.amazonaws.com/makemypass/event/3cafaf7e-4a5a-4e55-ad88-8355299b7137/event_register/31a2020a-90e0-4ae5-b3b0-c143c6974065/ticket.png,Day 3 pass: 1,
Aswin V S,aswinsajeevan55@gmail.com,+919207514696,Day 3 pass,2026-09-26 07:16:33,Professional,,,f5e8743e-098e-4fd8-bd17-bb8ec88d2ba9,MMP18527336,Approved,309.97,EARLYBIRD3,1,https://hoomans-blob-prod.s3.ap-south-1.amazonaws.com/makemypass/event/3cafaf7e-4a5a-4e55-ad88-8355299b7137/event_register/f5e8743e-098e-4fd8-bd17-bb8ec88d2ba9/ticket.png,Day 3 pass: 1,
Lakshmi K,lakshmikallath777@gmail.com,+919746533042,Day 3 pass,2026-09-26 07:22:20,Professional,,,3d309ae3-5fa8-4c57-b390-0ff0fac211b7,MMP35658181,Approved,309.97,EARLYBIRD3,1,https://hoomans-blob-prod.s3.ap-south-1.amazonaws.com/makemypass/event/3cafaf7e-4a5a-4e55-ad88-8355299b7137/event_register/3d309ae3-5fa8-4c57-b390-0ff0fac211b7/57-ticket.png,Day 3 pass: 1,
Sachidanandh Anil,sachidanandhanil2007@gmail.com,+918089356737,Day 3 pass,2026-09-26 07:26:08,,,,b7325492-2969-45ca-bc06-2ffcc0066ffd,MMP95326658,Approved,309.97,EARLYBIRD3,1,https://hoomans-blob-prod.s3.ap-south-1.amazonaws.com/makemypass/event/3cafaf7e-4a5a-4e55-ad88-8355299b7137/event_register/b7325492-2969-45ca-bc06-2ffcc0066ffd/ticket.png,Day 3 pass: 1,
Athul Krishna k,athul28krishna2007@gmail.com,+917907662747,Day 3 pass,2026-09-26 07:36:58,Student,Sree Chitra thirunnal collage of engineering,,b9dc3a56-8c10-45f2-8573-f14713844df1,MMP71547546,Approved,309.97,EARLYBIRD3,1,https://hoomans-blob-prod.s3.ap-south-1.amazonaws.com/makemypass/event/3cafaf7e-4a5a-4e55-ad88-8355299b7137/event_register/b9dc3a56-8c10-45f2-8573-f14713844df1/ticket.png,Day 3 pass: 1,
Nabeel Najeem,nabeelnajeem90@gmail.com,+917592892477,Festival pass,2026-09-26 07:40:58,Student,CMC,,8daef1ca-3988-4d9b-9938-947972e2ca9e,MMP59309623,Approved,724.65,DHWANIFEST,1,https://hoomans-blob-prod.s3.ap-south-1.amazonaws.com/makemypass/event/3cafaf7e-4a5a-4e55-ad88-8355299b7137/event_register/8daef1ca-3988-4d9b-9938-947972e2ca9e/ticket.png,Festival pass: 1,
Devan S,dvyn465@gmail.com,+918089467801,Day 3 pass,2026-09-26 07:44:19,Professional,,,3cb72641-f535-412b-9cff-ab0455e6a04c,MMP55966784,Approved,309.97,EARLYBIRD3,1,https://hoomans-blob-prod.s3.ap-south-1.amazonaws.com/makemypass/event/3cafaf7e-4a5a-4e55-ad88-8355299b7137/event_register/3cb72641-f535-412b-9cff-ab0455e6a04c/ticket.png,Day 3 pass: 1,
Gopika A,gopikacmyd123@gmail.com,+917994622769,Day 3 pass,2026-09-26 07:44:45,Professional,,,4e7227ce-6fc6-432e-8a27-53053488848d,MMP54277588,Approved,309.97,EARLYBIRD3,1,https://hoomans-blob-prod.s3.ap-south-1.amazonaws.com/makemypass/event/3cafaf7e-4a5a-4e55-ad88-8355299b7137/event_register/4e7227ce-6fc6-432e-8a27-53053488848d/ticket.png,Day 3 pass: 1,
Devan S,dvyn465@gmail.com,+918089467801,Day 3 pass,2026-09-26 07:46:56,Professional,,,c9c51d99-565e-494d-b51f-853905fa2269,MMP52268548,Approved,309.97,EARLYBIRD3,1,https://hoomans-blob-prod.s3.ap-south-1.amazonaws.com/makemypass/event/3cafaf7e-4a5a-4e55-ad88-8355299b7137/event_register/c9c51d99-565e-494d-b51f-853905fa2269/ticket.png,Day 3 pass: 1,
Visakh,iamvisakh27@gmail.com,+918111861092,Festival pass,2026-09-26 08:05:35,Professional,,,91e7ce0b-5edc-4f34-bdb2-41345ebbd4b4,MMP75180102,Approved,1449.31,DHWANIFEST,2,https://hoomans-blob-prod.s3.ap-south-1.amazonaws.com/makemypass/event/3cafaf7e-4a5a-4e55-ad88-8355299b7137/event_register/91e7ce0b-5edc-4f34-bdb2-41345ebbd4b4/ticket.png,Festival pass: 2,
Gopika A,gopikaappengal@gmail.com,+917994622769,Day 3 pass,2026-09-26 08:19:23,Professional,,,452e1fc0-c71b-4eca-9355-4d74ce8725fd,MMP06352553,Approved,309.97,EARLYBIRD3,1,https://hoomans-blob-prod.s3.ap-south-1.amazonaws.com/makemypass/event/3cafaf7e-4a5a-4e55-ad88-8355299b7137/event_register/452e1fc0-c71b-4eca-9355-4d74ce8725fd/ticket.png,Day 3 pass: 1,
Uthraj M,uthrajpml@gmail.com,+919072551797,Festival pass,2026-09-26 08:31:26,Professional,,,15c3a72c-e831-4bf1-bf03-d45e0ab2d707,MMP75837808,Approved,724.65,DHWANIFEST,1,https://hoomans-blob-prod.s3.ap-south-1.amazonaws.com/makemypass/event/3cafaf7e-4a5a-4e55-ad88-8355299b7137/event_register/15c3a72c-e831-4bf1-bf03-d45e0ab2d707/ticket.png,Festival pass: 1,
Jeffin Joby,jeffin1076@gmail.com,+918129927720,Day 1 Pass,2026-09-26 08:34:18,Student,Federal Institute of Science and Technology FISAT Angamaly,,a901cca3-77fc-42de-a7bb-ecd11a7d2531,MMP13754787,Approved,154.47,DHWANI50,1,https://hoomans-blob-prod.s3.ap-south-1.amazonaws.com/makemypass/event/3cafaf7e-4a5a-4e55-ad88-8355299b7137/event_register/a901cca3-77fc-42de-a7bb-ecd11a7d2531/ticket.png,Day 1 Pass: 1,
Ambareesh V P,ambrozr11@gmail.com,+919074429889,Day 3 pass,2026-09-26 08:35:38,Professional,,,11d75c16-7e9c-442f-96ab-545d0d5bb573,MMP19761028,Approved,1239.89,EARLYBIRD3,4,https://hoomans-blob-prod.s3.ap-south-1.amazonaws.com/makemypass/event/3cafaf7e-4a5a-4e55-ad88-8355299b7137/event_register/11d75c16-7e9c-442f-96ab-545d0d5bb573/ticket.png,Day 3 pass: 4,
Jesmi PJ,jesmijose282@gmail.com,+919074580347,Day 3 pass,2026-09-26 08:42:53,Professional,,EARLYBIRD3,28f9cedb-0ce7-4627-89e9-f1ee5b24cd8f,MMP91337222,Approved,929.92,EARLYBIRD3,3,https://hoomans-blob-prod.s3.ap-south-1.amazonaws.com/makemypass/event/3cafaf7e-4a5a-4e55-ad88-8355299b7137/event_register/28f9cedb-0ce7-4627-89e9-f1ee5b24cd8f/ticket.png,Day 3 pass: 3,
Shivamadhav S,shivamadhav2007@gmal.com,+919846656226,Day 3 pass,2026-09-26 08:58:35,Student,IIST,,f47ff176-2583-40bc-95a5-35fd6a2e9d77,MMP71898181,Approved,309.97,EARLYBIRD3,1,https://hoomans-blob-prod.s3.ap-south-1.amazonaws.com/makemypass/event/3cafaf7e-4a5a-4e55-ad88-8355299b7137/event_register/f47ff176-2583-40bc-95a5-35fd6a2e9d77/ticket.png,Day 3 pass: 1,
Angel Jose,angeljose260299@gmail.com,+917907256571,Day 3 pass,2026-09-26 08:58:36,Professional,,,4281cfdc-4ba4-4946-86bb-3b88ba3a35ba,MMP28629091,Approved,309.97,EARLYBIRD3,1,https://hoomans-blob-prod.s3.ap-south-1.amazonaws.com/makemypass/event/3cafaf7e-4a5a-4e55-ad88-8355299b7137/event_register/4281cfdc-4ba4-4946-86bb-3b88ba3a35ba/ticket.png,Day 3 pass: 1,
Vishnu Rahul,vk038143@gmail.com,+917902411406,Day 1 Pass,2026-09-26 09:03:57,Student,Capital institute Trivandrum,,2d548f36-25b8-4f1a-8b6a-cd9850db82a5,MMP61109307,Approved,926.81,DHWANI50,6,https://hoomans-blob-prod.s3.ap-south-1.amazonaws.com/makemypass/event/3cafaf7e-4a5a-4e55-ad88-8355299b7137/event_register/2d548f36-25b8-4f1a-8b6a-cd9850db82a5/4-ticket.png,Day 1 Pass: 6,
Muhammed Jameel. S,jameelll123008@gmail.com,+919846842217,Day 3 pass,2026-09-26 09:04:14,,,,26f1c7ef-0bb8-48ed-afe6-3ea8ec7877e0,MMP27958361,Approved,309.97,EARLYBIRD3,1,https://hoomans-blob-prod.s3.ap-south-1.amazonaws.com/makemypass/event/3cafaf7e-4a5a-4e55-ad88-8355299b7137/event_register/26f1c7ef-0bb8-48ed-afe6-3ea8ec7877e0/ticket.png,Day 3 pass: 1,
Aravind Sekhar,aravindsekhar76@gmail.com,+918137074519,Festival pass,2026-09-26 09:07:42,Professional,,,7f741532-b7d2-4aab-8141-8180f9aed53f,MMP17040466,Approved,724.65,DHWANIFEST,1,https://hoomans-blob-prod.s3.ap-south-1.amazonaws.com/makemypass/event/3cafaf7e-4a5a-4e55-ad88-8355299b7137/event_register/7f741532-b7d2-4aab-8141-8180f9aed53f/ticket.png,Festival pass: 1,
Ebin Dev S R,ebindevsr@gmail.com,+916282396136,Festival pass,2026-09-26 09:09:35,Student,University College of Engineering Kariavattom,,19d4404a-a88b-4c2d-8b90-a6a1cf0da8b3,MMP91456407,Approved,724.65,DHWANIFEST,1,https://hoomans-blob-prod.s3.ap-south-1.amazonaws.com/makemypass/event/3cafaf7e-4a5a-4e55-ad88-8355299b7137/event_register/19d4404a-a88b-4c2d-8b90-a6a1cf0da8b3/ticket.png,Festival pass: 1,
Aswin P,angeljose260299@gmail.com,+917907256571,Day 3 pass,2026-09-26 09:10:33,Professional,,,d05ab680-a61c-4f39-bec3-d8a0593439de,MMP86271586,Approved,309.97,EARLYBIRD3,1,https://hoomans-blob-prod.s3.ap-south-1.amazonaws.com/makemypass/event/3cafaf7e-4a5a-4e55-ad88-8355299b7137/event_register/d05ab680-a61c-4f39-bec3-d8a0593439de/ticket.png,Day 3 pass: 1,
Sidharth BV,sidharthdvoltz864@gmail.com,+917907765911,Day 3 pass,2026-09-26 09:21:15,Professional,,,5b1d67ef-c517-40ea-83eb-40e34f79f6fc,MMP96062139,Approved,1549.87,EARLYBIRD3,5,https://hoomans-blob-prod.s3.ap-south-1.amazonaws.com/makemypass/event/3cafaf7e-4a5a-4e55-ad88-8355299b7137/event_register/5b1d67ef-c517-40ea-83eb-40e34f79f6fc/ticket.png,Day 3 pass: 5,
Thejas Raj,raj.thejas02@gmail.com,+916238449744,Day 3 pass,2026-09-26 09:23:22,Professional,,,3229c78d-aab8-4123-868d-96cbb76ff3d2,MMP82281203,Approved,2789.76,EARLYBIRD3,9,https://hoomans-blob-prod.s3.ap-south-1.amazonaws.com/makemypass/event/3cafaf7e-4a5a-4e55-ad88-8355299b7137/event_register/3229c78d-aab8-4123-868d-96cbb76ff3d2/ticket.png,Day 3 pass: 9,
Harish G,harishgasskh@gmail.com,+918301826505,Day 3 pass,2026-09-26 09:40:32,Professional,,,74d1777d-a670-4f91-ab36-71007b51d7a7,MMP76000710,Approved,309.97,EARLYBIRD3,1,https://hoomans-blob-prod.s3.ap-south-1.amazonaws.com/makemypass/event/3cafaf7e-4a5a-4e55-ad88-8355299b7137/event_register/74d1777d-a670-4f91-ab36-71007b51d7a7/ticket.png,Day 3 pass: 1,
AbhayDas Damodaran,abhay.kny@gmail.com,+919497433305,Festival pass,2026-09-26 09:41:58,Professional,,,1574f5e1-9a67-4cca-abed-0f283f02d736,MMP10088194,Approved,724.65,DHWANIFEST,1,https://hoomans-blob-prod.s3.ap-south-1.amazonaws.com/makemypass/event/3cafaf7e-4a5a-4e55-ad88-8355299b7137/event_register/1574f5e1-9a67-4cca-abed-0f283f02d736/ticket.png,Festival pass: 1,
Adith Ramdas,aditramdas@gmail.com,+919846572858,Day 3 pass,2026-09-26 09:45:21,Professional,,,c2e4e7ca-b0a5-466c-baa6-ab8edc9dd312,MMP19979714,Approved,1859.84,EARLYBIRD3,6,https://hoomans-blob-prod.s3.ap-south-1.amazonaws.com/makemypass/event/3cafaf7e-4a5a-4e55-ad88-8355299b7137/event_register/c2e4e7ca-b0a5-466c-baa6-ab8edc9dd312/ticket.png,Day 3 pass: 6,
ADITH M,adithmanoj46@gmail.com,+918590478313,Day 3 pass,2026-09-26 09:47:46,Student,Mar baselios college of engineering and technology,,1aa664ec-5bc8-4a0b-8ea5-532a978f69b0,MMP67318177,Approved,929.92,EARLYBIRD3,3,https://hoomans-blob-prod.s3.ap-south-1.amazonaws.com/makemypass/event/3cafaf7e-4a5a-4e55-ad88-8355299b7137/event_register/1aa664ec-5bc8-4a0b-8ea5-532a978f69b0/ticket.png,Day 3 pass: 3,
DevipriyaP,devipriya60160@gmail.com,+919495702757,Day 3 pass,2026-09-26 09:50:56,Student,LBS Institute of technology for women,,4acd717e-14d9-4a0c-8a21-112811af09d4,MMP91609619,Approved,619.95,EARLYBIRD3,2,https://hoomans-blob-prod.s3.ap-south-1.amazonaws.com/makemypass/event/3cafaf7e-4a5a-4e55-ad88-8355299b7137/event_register/4acd717e-14d9-4a0c-8a21-112811af09d4/ticket.png,Day 3 pass: 2,
Pranav P,pranavsdreams@gmail.com,+918301871729,Festival pass,2026-09-26 09:51:08,Professional,,,7703991a-d578-45d6-b366-686464cf5b08,MMP78445862,Approved,2173.96,DHWANIFEST,3,https://hoomans-blob-prod.s3.ap-south-1.amazonaws.com/makemypass/event/3cafaf7e-4a5a-4e55-ad88-8355299b7137/event_register/7703991a-d578-45d6-b366-686464cf5b08/ticket.png,Festival pass: 3,
Alan Jose,alanajin2021@gmail.com,+919207543307,Day 3 pass,2026-09-26 09:52:38,Professional,,DCA006,4d8c11ce-0e9b-4823-bac8-870fcbf4c830,MMP05036306,Approved,309.97,EARLYBIRD3,1,https://hoomans-blob-prod.s3.ap-south-1.amazonaws.com/makemypass/event/3cafaf7e-4a5a-4e55-ad88-8355299b7137/event_register/4d8c11ce-0e9b-4823-bac8-870fcbf4c830/ticket.png,Day 3 pass: 1,
Gayathri S,gayathriss0106@gmail.com,+919633369514,Day 3 pass,2026-09-26 09:52:43,Professional,,,fad0f15e-5529-4604-a633-340b4a71b578,MMP53965121,Approved,929.92,EARLYBIRD3,3,https://hoomans-blob-prod.s3.ap-south-1.amazonaws.com/makemypass/event/3cafaf7e-4a5a-4e55-ad88-8355299b7137/event_register/fad0f15e-5529-4604-a633-340b4a71b578/ticket.png,Day 3 pass: 3,
Anuja Rose Baby,anujarosebaby@gmail.com,+919188251845,Festival pass,2026-09-26 09:53:25,Professional,,,3ace2daf-c256-4136-a8a2-d53f47c85ad6,MMP90785337,Approved,724.65,DHWANIFEST,1,https://hoomans-blob-prod.s3.ap-south-1.amazonaws.com/makemypass/event/3cafaf7e-4a5a-4e55-ad88-8355299b7137/event_register/3ace2daf-c256-4136-a8a2-d53f47c85ad6/ticket.png,Festival pass: 1,
Imtiaz Ahammed,aleenasr.mct@gmail.com,+917012664564,Day 3 pass,2026-09-26 09:53:35,Professional,,,7b283526-5e5d-47ad-a2c0-6687f7dc45eb,MMP95166939,Approved,309.97,EARLYBIRD3,1,https://hoomans-blob-prod.s3.ap-south-1.amazonaws.com/makemypass/event/3cafaf7e-4a5a-4e55-ad88-8355299b7137/event_register/7b283526-5e5d-47ad-a2c0-6687f7dc45eb/ticket.png,Day 3 pass: 1,
Aswin Sabu,adonben2004@gmail.com,+919947563217,Day 3 pass,2026-09-26 09:58:23,Professional,,,266ca1cf-72af-41c3-a2f5-992b6335c5fa,MMP22455475,Approved,3099.73,EARLYBIRD3,10,https://hoomans-blob-prod.s3.ap-south-1.amazonaws.com/makemypass/event/3cafaf7e-4a5a-4e55-ad88-8355299b7137/event_register/266ca1cf-72af-41c3-a2f5-992b6335c5fa/7-ticket.png,Day 3 pass: 10,
Jeffin,jeffinjss85@gmail.com,+918606809825,Day 3 pass,2026-09-26 09:59:09,Professional,,,451463f6-7aca-4481-84be-7fac70c28fd2,MMP57333141,Approved,619.95,EARLYBIRD3,2,https://hoomans-blob-prod.s3.ap-south-1.amazonaws.com/makemypass/event/3cafaf7e-4a5a-4e55-ad88-8355299b7137/event_register/451463f6-7aca-4481-84be-7fac70c28fd2/ticket.png,Day 3 pass: 2,
Adarsh,achu50623@gmail.com,+919061205628,Day 1 Pass,2026-09-26 10:05:24,Student,Capital institute,,15511907-64a8-4df6-940e-2c11acb3e68f,MMP74882157,Approved,154.47,DHWANI50,1,https://hoomans-blob-prod.s3.ap-south-1.amazonaws.com/makemypass/event/3cafaf7e-4a5a-4e55-ad88-8355299b7137/event_register/15511907-64a8-4df6-940e-2c11acb3e68f/ticket.png,Day 1 Pass: 1,
Diyon Isaac,diyonisaac@gmail.com,+918089857002,Day 3 pass,2026-09-26 10:07:15,Professional,,,1586d91e-82a0-4683-814a-bc5e30ab1e0c,MMP65655683,Approved,309.97,EARLYBIRD3,1,https://hoomans-blob-prod.s3.ap-south-1.amazonaws.com/makemypass/event/3cafaf7e-4a5a-4e55-ad88-8355299b7137/event_register/1586d91e-82a0-4683-814a-bc5e30ab1e0c/ticket.png,Day 3 pass: 1,
Hridhya,hridhyams06@gmail.com,+919037693995,Day 3 pass,2026-09-26 10:08:17,Student,Lbsitw,,806f06e9-d7b9-4d80-a3ce-129530f7d79d,MMP07976682,Approved,1859.84,EARLYBIRD3,6,https://hoomans-blob-prod.s3.ap-south-1.amazonaws.com/makemypass/event/3cafaf7e-4a5a-4e55-ad88-8355299b7137/event_register/806f06e9-d7b9-4d80-a3ce-129530f7d79d/ticket.png,Day 3 pass: 6,
Merin Susan,merinsusan07@gmail.com,+919447560663,Day 3 pass,2026-09-26 10:08:20,Professional,,,7da663bc-cfd1-4dea-996e-cd85c0a80bc2,MMP38067073,Approved,309.97,EARLYBIRD3,1,https://hoomans-blob-prod.s3.ap-south-1.amazonaws.com/makemypass/event/3cafaf7e-4a5a-4e55-ad88-8355299b7137/event_register/7da663bc-cfd1-4dea-996e-cd85c0a80bc2/ticket.png,Day 3 pass: 1,
Jyothysoma S,jyothysoma94@gmail.com,+919526916476,Day 2 Pass,2026-09-26 10:13:29,Professional,,,29acf70b-e1ab-41f5-b007-d506acea42ce,MMP94775908,Approved,413.64,EARLYBIRD50,1,https://hoomans-blob-prod.s3.ap-south-1.amazonaws.com/makemypass/event/3cafaf7e-4a5a-4e55-ad88-8355299b7137/event_register/29acf70b-e1ab-41f5-b007-d506acea42ce/ticket.png,Day 2 Pass: 1,
Aparna E Soman,aparnaesoman@gmail.com,+917025356320,Day 3 pass,2026-09-26 10:19:24,Professional,,,7ebdfc8f-77e6-4b4c-81c1-ac2b8f8e83dd,MMP47618491,Approved,619.95,EARLYBIRD3,2,https://hoomans-blob-prod.s3.ap-south-1.amazonaws.com/makemypass/event/3cafaf7e-4a5a-4e55-ad88-8355299b7137/event_register/7ebdfc8f-77e6-4b4c-81c1-ac2b8f8e83dd/ticket.png,Day 3 pass: 2,
Aaron Biju,abaaronbiju@gmail.com,+91919037511927,Day 3 pass,2026-09-26 10:35:50,Student,Marian Engineering College,DCA213,0a079c23-aad3-4c63-9703-3141f8f62fe4,MMP04065104,Approved,309.97,EARLYBIRD3,1,https://hoomans-blob-prod.s3.ap-south-1.amazonaws.com/makemypass/event/3cafaf7e-4a5a-4e55-ad88-8355299b7137/event_register/0a079c23-aad3-4c63-9703-3141f8f62fe4/94-ticket.png,Day 3 pass: 1,
Sreya T,sreya4790@gmail.com,+919778370769,Day 3 pass,2026-09-26 10:51:20,Professional,,,2f458678-adbb-40cb-a225-efae04cfdc74,MMP70678364,Approved,309.97,EARLYBIRD3,1,https://hoomans-blob-prod.s3.ap-south-1.amazonaws.com/makemypass/event/3cafaf7e-4a5a-4e55-ad88-8355299b7137/event_register/2f458678-adbb-40cb-a225-efae04cfdc74/ticket.png,Day 3 pass: 1,
Muhammad Aman T,amanmuhammad076@gmail.com,+918590923609,Day 3 pass,2026-09-26 10:59:36,Student,Govenment medical collegeTrivandrum,,8ef98956-59ad-4d13-9dc2-ec801b257f9c,MMP80385311,Approved,929.92,EARLYBIRD3,3,https://hoomans-blob-prod.s3.ap-south-1.amazonaws.com/makemypass/event/3cafaf7e-4a5a-4e55-ad88-8355299b7137/event_register/8ef98956-59ad-4d13-9dc2-ec801b257f9c/73-ticket.png,Day 3 pass: 3,
Abel Samuel,abelsamuel2k1@gmail.com,+919747327180,Day 3 pass,2026-09-26 11:21:05,,,,65af2efd-d682-4909-9b81-5be502a42d7a,MMP45441539,Approved,619.95,EARLYBIRD3,2,https://hoomans-blob-prod.s3.ap-south-1.amazonaws.com/makemypass/event/3cafaf7e-4a5a-4e55-ad88-8355299b7137/event_register/65af2efd-d682-4909-9b81-5be502a42d7a/ticket.png,Day 3 pass: 2,
Nandana P,nandana8526@gmail.com,+919037709120,Day 3 pass,2026-09-26 11:21:42,Student,Lbitw,,29671d16-5412-479b-b6bd-e1bd0e6c93f3,MMP44977845,Approved,619.95,EARLYBIRD3,2,https://hoomans-blob-prod.s3.ap-south-1.amazonaws.com/makemypass/event/3cafaf7e-4a5a-4e55-ad88-8355299b7137/event_register/29671d16-5412-479b-b6bd-e1bd0e6c93f3/ticket.png,Day 3 pass: 2,
SYAMLAL H S,syamlalhs1996@gmail.com,+917907547091,Day 3 pass,2026-09-26 11:28:24,Professional,,,7a207dc4-a774-4afd-9329-586c851b460c,MMP36183859,Approved,929.92,EARLYBIRD3,3,https://hoomans-blob-prod.s3.ap-south-1.amazonaws.com/makemypass/event/3cafaf7e-4a5a-4e55-ad88-8355299b7137/event_register/7a207dc4-a774-4afd-9329-586c851b460c/ticket.png,Day 3 pass: 3,
Amala S Augustine,amalasaugustine5@gmail.com,+918891547324,Day 3 pass,2026-09-26 11:29:08,Student,"SCT,PAPPANAMCODE",DCA115,164517a4-e2f8-4b91-be1b-ce30d3623f80,MMP32734963,Approved,309.97,EARLYBIRD3,1,https://hoomans-blob-prod.s3.ap-south-1.amazonaws.com/makemypass/event/3cafaf7e-4a5a-4e55-ad88-8355299b7137/event_register/164517a4-e2f8-4b91-be1b-ce30d3623f80/ticket.png,Day 3 pass: 1,
Harshin Sabu,harshinsabu386@gmail.com,+919747808841,Day 3 pass,2026-09-26 11:31:31,Student,Mar Ivanios College,,f1388163-ac64-411f-b3b2-72b5ad280a6b,MMP76964001,Approved,619.95,EARLYBIRD3,2,https://hoomans-blob-prod.s3.ap-south-1.amazonaws.com/makemypass/event/3cafaf7e-4a5a-4e55-ad88-8355299b7137/event_register/f1388163-ac64-411f-b3b2-72b5ad280a6b/ticket.png,Day 3 pass: 2,
Midhun,midhunmadhu901@gmail.com,+919744668662,Day 3 pass,2026-09-26 11:34:41,Professional,,,8464d3a7-5f4a-4287-ad46-7fddf1864c99,MMP59800147,Approved,309.97,EARLYBIRD3,1,https://hoomans-blob-prod.s3.ap-south-1.amazonaws.com/makemypass/event/3cafaf7e-4a5a-4e55-ad88-8355299b7137/event_register/8464d3a7-5f4a-4287-ad46-7fddf1864c99/ticket.png,Day 3 pass: 1,
Devangana Prem,devanganaprem2006@gmail.com,+919495502675,Day 3 pass,2026-09-26 11:42:47,Student,LBSITW,,efc615f6-bb8d-4d10-93a8-ec1c1cb04379,MMP73583446,Approved,309.97,EARLYBIRD3,1,https://hoomans-blob-prod.s3.ap-south-1.amazonaws.com/makemypass/event/3cafaf7e-4a5a-4e55-ad88-8355299b7137/event_register/efc615f6-bb8d-4d10-93a8-ec1c1cb04379/ticket.png,Day 3 pass: 1,
Irine Rose Frankle,irinerosefrankle@gmail.com,+918281236757,Day 3 pass,2026-09-26 11:47:04,Student,Sree Chithra Thirunnal College Of Engineering,DCA115,f15c83d1-5f8f-4a25-aad2-91e256ad06ea,MMP22556321,Approved,309.97,EARLYBIRD3,1,https://hoomans-blob-prod.s3.ap-south-1.amazonaws.com/makemypass/event/3cafaf7e-4a5a-4e55-ad88-8355299b7137/event_register/f15c83d1-5f8f-4a25-aad2-91e256ad06ea/ticket.png,Day 3 pass: 1,
Adhila fathima,adhilafathima2310@gmail.com,+916238400354,Day 3 pass,2026-09-26 11:47:38,Student,Sct college of engineering,DCA115,7d0bfc5f-92c9-4053-9854-149db24fbe09,MMP44232275,Approved,309.97,EARLYBIRD3,1,https://hoomans-blob-prod.s3.ap-south-1.amazonaws.com/makemypass/event/3cafaf7e-4a5a-4e55-ad88-8355299b7137/event_register/7d0bfc5f-92c9-4053-9854-149db24fbe09/ticket.png,Day 3 pass: 1,
Kalyani M.G,kalyanimg2006@gmail.com,+918921088698,Day 3 pass,2026-09-26 11:56:40,Student,LBS INSTITUTE OF TECHNOLOGY FOR WOMEN,,d1ac5d35-6d70-4031-9fc0-2d6714babcfe,MMP83255242,Approved,309.97,EARLYBIRD3,1,https://hoomans-blob-prod.s3.ap-south-1.amazonaws.com/makemypass/event/3cafaf7e-4a5a-4e55-ad88-8355299b7137/event_register/d1ac5d35-6d70-4031-9fc0-2d6714babcfe/ticket.png,Day 3 pass: 1,
Amal Nizam,amalaster123@gmail.com,+919645767669,Day 3 pass,2026-09-26 11:57:04,Student,Mar Ivanios College,DCA211,971713a5-5f00-4fee-8a74-a72659718048,MMP07114240,Approved,309.97,EARLYBIRD3,1,https://hoomans-blob-prod.s3.ap-south-1.amazonaws.com/makemypass/event/3cafaf7e-4a5a-4e55-ad88-8355299b7137/event_register/971713a5-5f00-4fee-8a74-a72659718048/ticket.png,Day 3 pass: 1,
Shreya Maria John,shreyamariajohn@gmail.com,+917907871048,Day 3 pass,2026-09-26 12:00:15,Student,Government Law College Thiruvananthapuram,,5351fee9-cc9f-43c0-8738-c3c1f4f87420,MMP20588795,Approved,309.97,EARLYBIRD3,1,https://hoomans-blob-prod.s3.ap-south-1.amazonaws.com/makemypass/event/3cafaf7e-4a5a-4e55-ad88-8355299b7137/event_register/5351fee9-cc9f-43c0-8738-c3c1f4f87420/ticket.png,Day 3 pass: 1,
Sharika M B,sharikaa.mb@gmail.com,+918078312143,Day 3 pass,2026-09-26 12:00:20,Student,GEC Barton Hill,,2a06e15b-6c18-4c0f-bbfe-fcee0ce0bf8e,MMP75146207,Approved,619.95,EARLYBIRD3,2,https://hoomans-blob-prod.s3.ap-south-1.amazonaws.com/makemypass/event/3cafaf7e-4a5a-4e55-ad88-8355299b7137/event_register/2a06e15b-6c18-4c0f-bbfe-fcee0ce0bf8e/ticket.png,Day 3 pass: 2,
Shilpa,shilpasarma06@gmail.com,+916238399407,Day 3 pass,2026-09-26 12:02:21,Student,Women's College,,69d42378-2a58-413b-8f27-942ad9923c00,MMP47444766,Approved,309.97,EARLYBIRD3,1,https://hoomans-blob-prod.s3.ap-south-1.amazonaws.com/makemypass/event/3cafaf7e-4a5a-4e55-ad88-8355299b7137/event_register/69d42378-2a58-413b-8f27-942ad9923c00/ticket.png,Day 3 pass: 1,
Sree Nanda,aswinm744@gmail.com,+919605063832,Festival pass,2026-09-26 12:05:36,Professional,,,eec1a481-6f1d-4914-aeaf-1f35f044814b,MMP20322886,Approved,724.65,DHWANIFEST,1,https://hoomans-blob-prod.s3.ap-south-1.amazonaws.com/makemypass/event/3cafaf7e-4a5a-4e55-ad88-8355299b7137/event_register/eec1a481-6f1d-4914-aeaf-1f35f044814b/ticket.png,Festival pass: 1,
Gopika Gopakumar,gopikagopakumar067@gmail.com,+919188076126,Day 3 pass,2026-09-26 12:07:25,Student,SCTCE Pappanamcode,DCA115,464bb8e3-8fe8-48d1-be87-94e5159ff6d1,MMP10494409,Approved,309.97,EARLYBIRD3,1,https://hoomans-blob-prod.s3.ap-south-1.amazonaws.com/makemypass/event/3cafaf7e-4a5a-4e55-ad88-8355299b7137/event_register/464bb8e3-8fe8-48d1-be87-94e5159ff6d1/ticket.png,Day 3 pass: 1,
Jesline Rohan james,jeslinejames33@gmail.com,+919446334287,Day 3 pass,2026-09-26 12:14:19,Professional,,EARLYBIRD3,14adb19d-c2b9-4337-8d38-193ad8fc9ae0,MMP27937145,Approved,309.97,EARLYBIRD3,1,https://hoomans-blob-prod.s3.ap-south-1.amazonaws.com/makemypass/event/3cafaf7e-4a5a-4e55-ad88-8355299b7137/event_register/14adb19d-c2b9-4337-8d38-193ad8fc9ae0/ticket.png,Day 3 pass: 1,
Anjana Thottupura Ajithkumar,anjanathottupura@gamil.com,+919746605003,Day 3 pass,2026-09-26 12:14:21,Student,Tkmce,,e4c00a7d-e4d4-416c-82ce-bd31ce15be1c,MMP94543612,Approved,309.97,EARLYBIRD3,1,https://hoomans-blob-prod.s3.ap-south-1.amazonaws.com/makemypass/event/3cafaf7e-4a5a-4e55-ad88-8355299b7137/event_register/e4c00a7d-e4d4-416c-82ce-bd31ce15be1c/ticket.png,Day 3 pass: 1,
Akshaykumar K H,akshaykumar.kumar55@gmail.com,+919895764590,Day 3 pass,2026-09-26 12:15:39,Professional,,,569ef6e3-ec2f-4329-918b-a9c5474fd59d,MMP00373375,Approved,619.95,EARLYBIRD3,2,https://hoomans-blob-prod.s3.ap-south-1.amazonaws.com/makemypass/event/3cafaf7e-4a5a-4e55-ad88-8355299b7137/event_register/569ef6e3-ec2f-4329-918b-a9c5474fd59d/ticket.png,Day 3 pass: 2,
Neha,nehasanjeevkrishna@gmail.com,+918089092413,Day 3 pass,2026-09-26 12:18:11,Student,Sree Chitra Thirunal College of Engineering,,8600bc77-14fa-4c50-8fe1-6a0ade06ad1e,MMP72847920,Approved,1239.89,EARLYBIRD3,4,https://hoomans-blob-prod.s3.ap-south-1.amazonaws.com/makemypass/event/3cafaf7e-4a5a-4e55-ad88-8355299b7137/event_register/8600bc77-14fa-4c50-8fe1-6a0ade06ad1e/ticket.png,Day 3 pass: 4,
Rivin M,mdrisya9999@gmail.com,+919605318413,Day 3 pass,2026-09-26 12:20:14,Professional,,,8bc51cd5-affc-470f-9e87-072247aa0fc1,MMP24202086,Approved,309.97,EARLYBIRD3,1,https://hoomans-blob-prod.s3.ap-south-1.amazonaws.com/makemypass/event/3cafaf7e-4a5a-4e55-ad88-8355299b7137/event_register/8bc51cd5-affc-470f-9e87-072247aa0fc1/ticket.png,Day 3 pass: 1,
Abhijith Gopal,abhijithgopal1214@gmail.com,+919809586415,Day 3 pass,2026-09-26 12:26:24,Professional,,,c1e9e3f0-fe15-4beb-b6ea-ba14f4e961ff,MMP80623195,Approved,309.97,EARLYBIRD3,1,https://hoomans-blob-prod.s3.ap-south-1.amazonaws.com/makemypass/event/3cafaf7e-4a5a-4e55-ad88-8355299b7137/event_register/c1e9e3f0-fe15-4beb-b6ea-ba14f4e961ff/ticket.png,Day 3 pass: 1,
Hemanth Chandran,hemanthchandran541@gmail.com,+919605331411,Day 3 pass,2026-09-26 12:26:40,Student,College of Engineering Chengannur,,be2266ef-92a3-469f-a5df-5c07b2402062,MMP30937117,Approved,309.97,EARLYBIRD3,1,https://hoomans-blob-prod.s3.ap-south-1.amazonaws.com/makemypass/event/3cafaf7e-4a5a-4e55-ad88-8355299b7137/event_register/be2266ef-92a3-469f-a5df-5c07b2402062/ticket.png,Day 3 pass: 1,
Abel Samuel,abelsamuel2k1@gmail.com,+919747327180,Day 3 pass,2026-09-26 12:32:35,,,,5943aeb0-7f0b-4044-9a12-aa7111f429fe,MMP78186970,Approved,929.92,EARLYBIRD3,3,https://hoomans-blob-prod.s3.ap-south-1.amazonaws.com/makemypass/event/3cafaf7e-4a5a-4e55-ad88-8355299b7137/event_register/5943aeb0-7f0b-4044-9a12-aa7111f429fe/ticket.png,Day 3 pass: 3,
Archana Ajith,mahithalekshmi18@gmail.com,+919526808106,Day 3 pass,2026-09-26 12:36:15,Student,LBSITW,DCA074,b3afc3d0-8392-4d04-9375-4808a33063f2,MMP17861191,Approved,929.92,EARLYBIRD3,3,https://hoomans-blob-prod.s3.ap-south-1.amazonaws.com/makemypass/event/3cafaf7e-4a5a-4e55-ad88-8355299b7137/event_register/b3afc3d0-8392-4d04-9375-4808a33063f2/ticket.png,Day 3 pass: 3,
SangeethSK,sangeethsk07@gmail.com,+916238943653,Day 3 pass,2026-09-26 12:38:11,Student,Marian Engineering College,,3c365d86-07da-4209-a866-18f92bd0d971,MMP37270198,Approved,309.97,EARLYBIRD3,1,https://hoomans-blob-prod.s3.ap-south-1.amazonaws.com/makemypass/event/3cafaf7e-4a5a-4e55-ad88-8355299b7137/event_register/3c365d86-07da-4209-a866-18f92bd0d971/95-ticket.png,Day 3 pass: 1,
Devnand Vinod,devnandvinod79@gmail.com,+918547343266,Day 3 pass,2026-09-26 12:43:06,Student,Hindustan aviation academy,,d2757fef-c97c-4a8a-a9c6-2a38e403d998,MMP80921373,Approved,309.97,EARLYBIRD3,1,https://hoomans-blob-prod.s3.ap-south-1.amazonaws.com/makemypass/event/3cafaf7e-4a5a-4e55-ad88-8355299b7137/event_register/d2757fef-c97c-4a8a-a9c6-2a38e403d998/ticket.png,Day 3 pass: 1,
KARTHIK S RAJENDRAN,karthiks185092@gmail.com,+916238282489,Day 2 Pass,2026-09-26 12:50:28,Student,Government college kariavattom,,9b4a10ed-39b1-4c6b-bc12-1cee820aac12,MMP88581064,Approved,413.64,EARLYBIRD50,1,https://hoomans-blob-prod.s3.ap-south-1.amazonaws.com/makemypass/event/3cafaf7e-4a5a-4e55-ad88-8355299b7137/event_register/9b4a10ed-39b1-4c6b-bc12-1cee820aac12/ticket.png,Day 2 Pass: 1,
Jinto Kunjumon,jintokunjumon63@gmail.com,+918157928991,Day 3 pass,2026-09-26 12:52:50,Professional,,,072f2fe4-21ca-46f0-b230-5d68c03eed36,MMP60326662,Approved,309.97,EARLYBIRD3,1,https://hoomans-blob-prod.s3.ap-south-1.amazonaws.com/makemypass/event/3cafaf7e-4a5a-4e55-ad88-8355299b7137/event_register/072f2fe4-21ca-46f0-b230-5d68c03eed36/ticket.png,Day 3 pass: 1,
Devika TV,devikapradeep26042008@gmail.com,+919048587946,Day 3 pass,2026-09-26 12:56:15,Student,Sree Chithra Thirunnal College of Engineering,DCA115,c0c87df6-1d7c-44fa-9f19-0a50d541f8ca,MMP17718473,Approved,309.97,EARLYBIRD3,1,https://hoomans-blob-prod.s3.ap-south-1.amazonaws.com/makemypass/event/3cafaf7e-4a5a-4e55-ad88-8355299b7137/event_register/c0c87df6-1d7c-44fa-9f19-0a50d541f8ca/ticket.png,Day 3 pass: 1,
Basima S,basima24683@gmail.com,+919656520869,Day 3 pass,2026-09-26 12:57:41,Student,"LBSITW ,Poojappura",,8252db52-c4fb-4c5f-8c92-fbc100041ec2,MMP91477033,Approved,929.92,EARLYBIRD3,3,https://hoomans-blob-prod.s3.ap-south-1.amazonaws.com/makemypass/event/3cafaf7e-4a5a-4e55-ad88-8355299b7137/event_register/8252db52-c4fb-4c5f-8c92-fbc100041ec2/ticket.png,Day 3 pass: 3,
Jinesh G Gop,jineshggop7@gmail.com,+917559972094,Day 3 pass,2026-09-26 12:58:54,Professional,,,e06da95c-c369-4ecd-86cf-82378d210cec,MMP12735009,Approved,309.97,EARLYBIRD3,1,https://hoomans-blob-prod.s3.ap-south-1.amazonaws.com/makemypass/event/3cafaf7e-4a5a-4e55-ad88-8355299b7137/event_register/e06da95c-c369-4ecd-86cf-82378d210cec/ticket.png,Day 3 pass: 1,
Alim Muhammed,alimmuhammed487@gmail.com,+918590298297,Day 3 pass,2026-09-26 12:59:02,Student,College of Engineering Trivandrum,,59505256-9067-4367-a271-f0628a189e4e,MMP43568664,Approved,619.95,EARLYBIRD3,2,https://hoomans-blob-prod.s3.ap-south-1.amazonaws.com/makemypass/event/3cafaf7e-4a5a-4e55-ad88-8355299b7137/event_register/59505256-9067-4367-a271-f0628a189e4e/33-ticket.png,Day 3 pass: 2,
Alka Devi,alkadevi012@gmail.com,+918590385163,Day 3 pass,2026-09-26 12:59:27,Student,LBSITW,,34fe9fad-bb6d-4aee-926c-5459cf880227,MMP85469084,Approved,929.92,EARLYBIRD3,3,https://hoomans-blob-prod.s3.ap-south-1.amazonaws.com/makemypass/event/3cafaf7e-4a5a-4e55-ad88-8355299b7137/event_register/34fe9fad-bb6d-4aee-926c-5459cf880227/ticket.png,Day 3 pass: 3,
Alna Mariya C T,alnamariyatony@gmail.com,+919400511306,Day 3 pass,2026-09-26 13:05:34,Student,Sree Chithra Thirunal College Of Engineering,,b5fba5c8-b797-458b-acb2-33f2a88701b3,MMP78255071,Approved,309.97,EARLYBIRD3,1,https://hoomans-blob-prod.s3.ap-south-1.amazonaws.com/makemypass/event/3cafaf7e-4a5a-4e55-ad88-8355299b7137/event_register/b5fba5c8-b797-458b-acb2-33f2a88701b3/ticket.png,Day 3 pass: 1,
NANDANA S J,nandanasj16@gmail.com,+916282882504,Day 3 pass,2026-09-26 13:07:15,Student,Lbs institute of technology for women,DCA006,a3362cb0-7e15-4436-8d4a-f7f935976d1a,MMP30629644,Approved,309.97,EARLYBIRD3,1,https://hoomans-blob-prod.s3.ap-south-1.amazonaws.com/makemypass/event/3cafaf7e-4a5a-4e55-ad88-8355299b7137/event_register/a3362cb0-7e15-4436-8d4a-f7f935976d1a/ticket.png,Day 3 pass: 1,
Harinandan V,vharinandan7@gmail.com,+917736239732,Day 3 pass,2026-09-26 13:09:39,Student,Sree Chitra Thirunal College Of Engineering,,d583a6db-68b9-40ce-b77b-8f83a88f349a,MMP49270102,Approved,309.97,EARLYBIRD3,1,https://hoomans-blob-prod.s3.ap-south-1.amazonaws.com/makemypass/event/3cafaf7e-4a5a-4e55-ad88-8355299b7137/event_register/d583a6db-68b9-40ce-b77b-8f83a88f349a/ticket.png,Day 3 pass: 1,
Ashna Francis,ashnafrancis5@gmail.com,+918086531955,Day 3 pass,2026-09-26 13:10:22,Student,SCT COLLEGE OF ENGINEERING,DCA117,4f94f0c5-8dbb-41c0-8bbb-1809fb52e9b2,MMP76131505,Approved,309.97,EARLYBIRD3,1,https://hoomans-blob-prod.s3.ap-south-1.amazonaws.com/makemypass/event/3cafaf7e-4a5a-4e55-ad88-8355299b7137/event_register/4f94f0c5-8dbb-41c0-8bbb-1809fb52e9b2/ticket.png,Day 3 pass: 1,mmp_web
Kailas,kailasnath413@gmail.com,+918590827453,Day 3 pass,2026-09-26 13:14:54,Student,Ucek,DCA006,ae1bf458-5043-4b98-9d5b-775bc02993e4,MMP08289523,Approved,929.92,EARLYBIRD3,3,https://hoomans-blob-prod.s3.ap-south-1.amazonaws.com/makemypass/event/3cafaf7e-4a5a-4e55-ad88-8355299b7137/event_register/ae1bf458-5043-4b98-9d5b-775bc02993e4/ticket.png,Day 3 pass: 3,
Niharika Sarma,niharikasarma58@gmail.com,+917012062792,Day 3 pass,2026-09-26 13:16:29,Student,"LBSITW, trivandrum",DCA006,48a198ff-0266-4ffb-8217-03c33dd9f39a,MMP27262464,Approved,1239.89,EARLYBIRD3,4,https://hoomans-blob-prod.s3.ap-south-1.amazonaws.com/makemypass/event/3cafaf7e-4a5a-4e55-ad88-8355299b7137/event_register/48a198ff-0266-4ffb-8217-03c33dd9f39a/ticket.png,Day 3 pass: 4,
Amal Fathima Nizam,amalnizam2005@gmail.com,+918590219355,Day 3 pass,2026-09-26 13:18:27,Student,Government Medical College Trivandrum,DHWANI3,001ea29c-0ff1-48ed-b695-4db91d9ae2c5,MMP39520712,Approved,619.95,EARLYBIRD3,2,https://hoomans-blob-prod.s3.ap-south-1.amazonaws.com/makemypass/event/3cafaf7e-4a5a-4e55-ad88-8355299b7137/event_register/001ea29c-0ff1-48ed-b695-4db91d9ae2c5/38-ticket.png,Day 3 pass: 2,
Gagana S J,nandanasj16@gmail.com,+916238497644,Day 3 pass,2026-09-26 13:20:24,Student,Mount zion medical college,DCA006,f9ff7727-a4bd-477c-8502-9063810ff6f7,MMP89857354,Approved,309.97,EARLYBIRD3,1,https://hoomans-blob-prod.s3.ap-south-1.amazonaws.com/makemypass/event/3cafaf7e-4a5a-4e55-ad88-8355299b7137/event_register/f9ff7727-a4bd-477c-8502-9063810ff6f7/ticket.png,Day 3 pass: 1,
AAZIM MUHAMMED,aazimmuhammed5@gmail.com,+919778517627,Day 3 pass,2026-09-26 13:21:19,Student,TKM COLLEGE OF ENGINEERING,,96e2fe27-e695-4710-b6a0-7da7f05419b1,MMP19772224,Approved,619.95,EARLYBIRD3,2,https://hoomans-blob-prod.s3.ap-south-1.amazonaws.com/makemypass/event/3cafaf7e-4a5a-4e55-ad88-8355299b7137/event_register/96e2fe27-e695-4710-b6a0-7da7f05419b1/ticket.png,Day 3 pass: 2,
Navami Nair,amalnizam2005@gmail.com,+919074311424,Day 3 pass,2026-09-26 13:28:12,Student,Govt Medical College Trivandrum,DHWANI3,cef78405-ce0a-4eb6-b547-70b8f7031c5c,MMP44696758,Approved,309.97,EARLYBIRD3,1,https://hoomans-blob-prod.s3.ap-south-1.amazonaws.com/makemypass/event/3cafaf7e-4a5a-4e55-ad88-8355299b7137/event_register/cef78405-ce0a-4eb6-b547-70b8f7031c5c/ticket.png,Day 3 pass: 1,
Sreekiran A,sreekirana5@gmail.com,+918848558170,Day 3 pass,2026-09-26 13:29:09,Student,MBCET,,b978e19e-e3ba-4bd2-901f-7366e3b67940,MMP62022644,Approved,309.97,EARLYBIRD3,1,https://hoomans-blob-prod.s3.ap-south-1.amazonaws.com/makemypass/event/3cafaf7e-4a5a-4e55-ad88-8355299b7137/event_register/b978e19e-e3ba-4bd2-901f-7366e3b67940/ticket.png,Day 3 pass: 1,
Parthan A S,gaganasj071@gmail.com,+918592001742,Day 3 pass,2026-09-26 13:30:37,Student,Mar gregorius,DCA006,7d9c0683-aab3-4c9e-a2fc-0e1ce0855658,MMP18528148,Approved,309.97,EARLYBIRD3,1,https://hoomans-blob-prod.s3.ap-south-1.amazonaws.com/makemypass/event/3cafaf7e-4a5a-4e55-ad88-8355299b7137/event_register/7d9c0683-aab3-4c9e-a2fc-0e1ce0855658/ticket.png,Day 3 pass: 1,
Arya R,aryar6116@gmail.com,+917907833130,Day 3 pass,2026-09-26 13:32:28,Student,"Government College for Women, Thiruvananthapuram",,76c1fff7-553a-407e-a30a-529eec22548b,MMP78993871,Approved,309.97,EARLYBIRD3,1,https://hoomans-blob-prod.s3.ap-south-1.amazonaws.com/makemypass/event/3cafaf7e-4a5a-4e55-ad88-8355299b7137/event_register/76c1fff7-553a-407e-a30a-529eec22548b/ticket.png,Day 3 pass: 1,
Ajna NIzam S,ajnanizams98@gmail.com,+919778442318,Day 3 pass,2026-09-26 13:32:58,,,,d7e0cb17-b203-4009-8732-b41b26dcc9d9,MMP01099950,Approved,1549.87,EARLYBIRD3,5,https://hoomans-blob-prod.s3.ap-south-1.amazonaws.com/makemypass/event/3cafaf7e-4a5a-4e55-ad88-8355299b7137/event_register/d7e0cb17-b203-4009-8732-b41b26dcc9d9/ticket.png,Day 3 pass: 5,
Aby Michael,abymichael3@gmail.com,+919645131812,Day 3 pass,2026-09-26 13:34:06,Professional,,,25316af9-4115-4104-9182-243aa1b6fbca,MMP14718987,Approved,1549.87,EARLYBIRD3,5,https://hoomans-blob-prod.s3.ap-south-1.amazonaws.com/makemypass/event/3cafaf7e-4a5a-4e55-ad88-8355299b7137/event_register/25316af9-4115-4104-9182-243aa1b6fbca/ticket.png,Day 3 pass: 5,
Vighnesh V,vighnesh.info2007@gmail.com,+919895437743,Day 3 pass,2026-09-26 13:35:14,Student,GEC BARTONHILL,DCA074,8df2fae5-53a0-491b-9cec-e7af8a095118,MMP18172263,Approved,309.97,EARLYBIRD3,1,https://hoomans-blob-prod.s3.ap-south-1.amazonaws.com/makemypass/event/3cafaf7e-4a5a-4e55-ad88-8355299b7137/event_register/8df2fae5-53a0-491b-9cec-e7af8a095118/ticket.png,Day 3 pass: 1,
Shahiba S,shahiba9893@gmail.com,+917012997436,Day 3 pass,2026-09-26 13:35:32,Professional,,,02050155-0d44-46ae-aa60-1ee5e4f51585,MMP15546314,Approved,1549.87,EARLYBIRD3,5,https://hoomans-blob-prod.s3.ap-south-1.amazonaws.com/makemypass/event/3cafaf7e-4a5a-4e55-ad88-8355299b7137/event_register/02050155-0d44-46ae-aa60-1ee5e4f51585/64-ticket.png,Day 3 pass: 5,
Shriya s kumaar,Shriyasarithakumaar@gmail.com,+919567026935,Day 3 pass,2026-09-26 13:36:29,Student,Gecbh,DCA074,4f3a830f-967b-433a-a031-1663e459fe6e,MMP99906963,Approved,309.97,EARLYBIRD3,1,https://hoomans-blob-prod.s3.ap-south-1.amazonaws.com/makemypass/event/3cafaf7e-4a5a-4e55-ad88-8355299b7137/event_register/4f3a830f-967b-433a-a031-1663e459fe6e/ticket.png,Day 3 pass: 1,
Krishnasree M J,krishnasreemj@gmail.com,+918129514550,Day 3 pass,2026-09-26 13:39:32,Student,LBS Institute of Technology for Women,DCA074,c9c034b6-31a2-4bd9-a2e2-28bc273bc5c5,MMP68952308,Approved,619.95,EARLYBIRD3,2,https://hoomans-blob-prod.s3.ap-south-1.amazonaws.com/makemypass/event/3cafaf7e-4a5a-4e55-ad88-8355299b7137/event_register/c9c034b6-31a2-4bd9-a2e2-28bc273bc5c5/ticket.png,Day 3 pass: 2,
Danish Naj,danishnaj01@gmail.com,+918943920181,Day 3 pass,2026-09-26 13:40:07,Student,Jain,DCA074,5c7566a7-874e-45f1-b0d1-dc0b0e57c395,MMP91962719,Approved,309.97,EARLYBIRD3,1,https://hoomans-blob-prod.s3.ap-south-1.amazonaws.com/makemypass/event/3cafaf7e-4a5a-4e55-ad88-8355299b7137/event_register/5c7566a7-874e-45f1-b0d1-dc0b0e57c395/ticket.png,Day 3 pass: 1,
Anjaly P S,anjaly0719@gmail.com,+919895450708,Day 3 pass,2026-09-26 13:44:39,Student,LBS Institute of Technology for Women Poojappura Thiruvananthapuram,DCA223,551810b1-eab5-4fa8-923c-434fb6742a5d,MMP60656394,Approved,929.92,EARLYBIRD3,3,https://hoomans-blob-prod.s3.ap-south-1.amazonaws.com/makemypass/event/3cafaf7e-4a5a-4e55-ad88-8355299b7137/event_register/551810b1-eab5-4fa8-923c-434fb6742a5d/ticket.png,Day 3 pass: 3,
MALAVIKA MAHESH L,malavikamahesh07@gmail.com,+918078048035,Day 3 pass,2026-09-26 13:47:01,Student,LNS INSTITUTE OF TECHNOLOGY FOR WOMEN,DCA074,c501ae9c-c509-4ee7-b867-379d4c537bca,MMP20927201,Approved,1859.84,EARLYBIRD3,6,https://hoomans-blob-prod.s3.ap-south-1.amazonaws.com/makemypass/event/3cafaf7e-4a5a-4e55-ad88-8355299b7137/event_register/c501ae9c-c509-4ee7-b867-379d4c537bca/66-ticket.png,Day 3 pass: 6,
Rhema Rachel Kurian,rhemark2000@gmail.com,+917736607679,Day 3 pass,2026-09-26 13:48:27,Professional,,,0d5b695b-8bfe-4377-85d1-5faf5eff3b44,MMP90108596,Approved,929.92,EARLYBIRD3,3,https://hoomans-blob-prod.s3.ap-south-1.amazonaws.com/makemypass/event/3cafaf7e-4a5a-4e55-ad88-8355299b7137/event_register/0d5b695b-8bfe-4377-85d1-5faf5eff3b44/76-ticket.png,Day 3 pass: 3,
Revathy Sunil,revathysunil2311@gmail.com,+918078231686,Day 3 pass,2026-09-26 13:49:13,Student,College of agriculture,,26c0589f-a076-4f6d-a59e-f903cf8b3dbd,MMP76092696,Approved,619.95,EARLYBIRD3,2,https://hoomans-blob-prod.s3.ap-south-1.amazonaws.com/makemypass/event/3cafaf7e-4a5a-4e55-ad88-8355299b7137/event_register/26c0589f-a076-4f6d-a59e-f903cf8b3dbd/70-ticket.png,Day 3 pass: 2,
Fida Fathima M,fidafathima5300@gmail.com,+919037375333,Day 3 pass,2026-09-26 13:50:12,Student,Lbs institute of technology for women,DCA074,5cea00b3-baaf-41f8-ac65-8f7c65a6fd99,MMP78725604,Approved,309.97,EARLYBIRD3,1,https://hoomans-blob-prod.s3.ap-south-1.amazonaws.com/makemypass/event/3cafaf7e-4a5a-4e55-ad88-8355299b7137/event_register/5cea00b3-baaf-41f8-ac65-8f7c65a6fd99/ticket.png,Day 3 pass: 1,
Niranjana S,niranjanad583@gmail.com,+919497329908,Day 3 pass,2026-09-26 13:50:31,Student,LBS INSTITUTE OF TECHNOLOGY FOR WOMEN,DCA223,2cb80fbb-a723-4985-b2dd-96c11ca0333c,MMP75493724,Approved,309.97,EARLYBIRD3,1,https://hoomans-blob-prod.s3.ap-south-1.amazonaws.com/makemypass/event/3cafaf7e-4a5a-4e55-ad88-8355299b7137/event_register/2cb80fbb-a723-4985-b2dd-96c11ca0333c/ticket.png,Day 3 pass: 1,
Nandana S S,nandanaasaravanann@gmail.com,+919562322052,Day 3 pass,2026-09-26 13:51:27,Student,LBSITW,DCA074,8b69a57a-3274-49bf-a82d-dec0fd4cc439,MMP76716453,Approved,619.95,EARLYBIRD3,2,https://hoomans-blob-prod.s3.ap-south-1.amazonaws.com/makemypass/event/3cafaf7e-4a5a-4e55-ad88-8355299b7137/event_register/8b69a57a-3274-49bf-a82d-dec0fd4cc439/ticket.png,Day 3 pass: 2,
Tijil T,pranavprckr@gmail.com,+917356362116,Festival pass,2026-09-26 13:51:56,Professional,,,ee638739-2e0c-43cf-b926-18d03743a213,MMP30396897,Approved,724.65,DHWANIFEST,1,https://hoomans-blob-prod.s3.ap-south-1.amazonaws.com/makemypass/event/3cafaf7e-4a5a-4e55-ad88-8355299b7137/event_register/ee638739-2e0c-43cf-b926-18d03743a213/ticket.png,Festival pass: 1,
Shreya A S,shreya1852007@gmail.com,+919497896026,Day 3 pass,2026-09-26 13:52:28,Student,Government Engineering College Barton Hill,DCA074,63bb8410-928e-4933-bf31-9970e902d1c7,MMP46311058,Approved,619.95,EARLYBIRD3,2,https://hoomans-blob-prod.s3.ap-south-1.amazonaws.com/makemypass/event/3cafaf7e-4a5a-4e55-ad88-8355299b7137/event_register/63bb8410-928e-4933-bf31-9970e902d1c7/ticket.png,Day 3 pass: 2,
Adila Farsana V N,adilafarsana6@gmail.com,+918078826399,Day 3 pass,2026-09-26 13:56:10,Professional,,,436f98e9-359b-40ac-afff-a81f0070d36c,MMP56431026,Approved,309.97,EARLYBIRD3,1,https://hoomans-blob-prod.s3.ap-south-1.amazonaws.com/makemypass/event/3cafaf7e-4a5a-4e55-ad88-8355299b7137/event_register/436f98e9-359b-40ac-afff-a81f0070d36c/ticket.png,Day 3 pass: 1,
Hridya Anilkumar,hridyaanilkumar33@gmail.com,+918137074388,Day 3 pass,2026-09-26 13:56:31,Student,Lbs Poojapura,DCA222,39f9deaa-377d-49e7-a245-ada9d27c0538,MMP75436963,Approved,619.95,EARLYBIRD3,2,https://hoomans-blob-prod.s3.ap-south-1.amazonaws.com/makemypass/event/3cafaf7e-4a5a-4e55-ad88-8355299b7137/event_register/39f9deaa-377d-49e7-a245-ada9d27c0538/ticket.png,Day 3 pass: 2,
Lekshmi S,lekshmis751@gmail.com,+919447703943,Day 3 pass,2026-09-26 13:59:19,Student,LBS INSTITUTE OF TECHNOLOGY FOR WOMEN,DCA074,ebbc730d-1015-49dd-badb-76919dc862b0,MMP50556238,Approved,1239.89,EARLYBIRD3,4,https://hoomans-blob-prod.s3.ap-south-1.amazonaws.com/makemypass/event/3cafaf7e-4a5a-4e55-ad88-8355299b7137/event_register/ebbc730d-1015-49dd-badb-76919dc862b0/ticket.png,Day 3 pass: 4,
Adithi M,adithimohan007@gmail.com,+918590132051,Day 3 pass,2026-09-26 13:59:29,Student,Lbs poojapura,DCA222,eaf3fdea-a679-49bc-bed9-3f9c5ddbeb49,MMP72570677,Approved,309.97,EARLYBIRD3,1,https://hoomans-blob-prod.s3.ap-south-1.amazonaws.com/makemypass/event/3cafaf7e-4a5a-4e55-ad88-8355299b7137/event_register/eaf3fdea-a679-49bc-bed9-3f9c5ddbeb49/ticket.png,Day 3 pass: 1,
Vaishnav R S,vaishnavrstvpm@gmail.com,+918617741675,Day 3 pass,2026-09-26 14:00:58,Professional,,,0e814c19-347d-4910-a0d4-bbd5d2602243,MMP76836403,Approved,309.97,EARLYBIRD3,1,https://hoomans-blob-prod.s3.ap-south-1.amazonaws.com/makemypass/event/3cafaf7e-4a5a-4e55-ad88-8355299b7137/event_register/0e814c19-347d-4910-a0d4-bbd5d2602243/ticket.png,Day 3 pass: 1,
R S SARIN,rssarin95@gmail.com,+918547881081,Day 3 pass,2026-09-26 14:03:57,Professional,,,c4b67453-d5bb-4754-a600-6abd5651111d,MMP78590920,Approved,619.95,EARLYBIRD3,2,https://hoomans-blob-prod.s3.ap-south-1.amazonaws.com/makemypass/event/3cafaf7e-4a5a-4e55-ad88-8355299b7137/event_register/c4b67453-d5bb-4754-a600-6abd5651111d/25-ticket.png,Day 3 pass: 2,
Linette Joseph,mariavjx@gmail.com,+919961380947,Day 3 pass,2026-09-26 14:36:30,Professional,,,e4240eed-3830-4e52-a340-f83562427eb0,MMP33079978,Approved,827.29,DHWANI33,2,https://hoomans-blob-prod.s3.ap-south-1.amazonaws.com/makemypass/event/3cafaf7e-4a5a-4e55-ad88-8355299b7137/event_register/e4240eed-3830-4e52-a340-f83562427eb0/ticket.png,Day 3 pass: 2,
RAHUL M S,rms272727@gmail.com,+917012809670,Day 3 pass,2026-09-26 14:38:15,Student,TKM COLLEGE OF ENGINEERING KOLLAM,DCA128,a09fe7fd-0660-4289-9db6-ab3dd8d88db2,MMP48131858,Approved,413.64,DHWANI33,1,https://hoomans-blob-prod.s3.ap-south-1.amazonaws.com/makemypass/event/3cafaf7e-4a5a-4e55-ad88-8355299b7137/event_register/a09fe7fd-0660-4289-9db6-ab3dd8d88db2/ticket.png,Day 3 pass: 1,
Abel Alexander Kurian,abelalex7@gmail.com,+919048358813,Day 3 pass,2026-09-26 14:43:52,Professional,,,1e483183-2905-49d6-832e-d4f72524bec2,MMP83439452,Approved,827.29,DHWANI33,2,https://hoomans-blob-prod.s3.ap-south-1.amazonaws.com/makemypass/event/3cafaf7e-4a5a-4e55-ad88-8355299b7137/event_register/1e483183-2905-49d6-832e-d4f72524bec2/ticket.png,Day 3 pass: 2,
DEVARAJ PR,devarajpr18@gmail.com,+918921172328,Day 2 Pass,2026-09-26 14:48:31,Student,Sct,,c4f03a9e-4b22-4590-a794-06b6380f3474,MMP09363890,Approved,1240.93,EARLYBIRD50,3,https://hoomans-blob-prod.s3.ap-south-1.amazonaws.com/makemypass/event/3cafaf7e-4a5a-4e55-ad88-8355299b7137/event_register/c4f03a9e-4b22-4590-a794-06b6380f3474/ticket.png,Day 2 Pass: 3,
Anoop A,anoopa7345@gmail.com,+918943807346,Festival pass,2026-09-26 14:57:53,Professional,,,1835df1d-510e-40ee-8d2b-ccd54490b15c,MMP88094258,Approved,2173.96,DHWANIFEST,3,https://hoomans-blob-prod.s3.ap-south-1.amazonaws.com/makemypass/event/3cafaf7e-4a5a-4e55-ad88-8355299b7137/event_register/1835df1d-510e-40ee-8d2b-ccd54490b15c/ticket.png,Festival pass: 3,
Devananda S Nair,devanandaiscute@gmail.com,+917510994788,Day 3 pass,2026-09-26 14:59:38,Student,Mar Ivanios College,,c2a2c7ac-1b7b-4cd4-8103-bf242713fcf7,MMP08975512,Approved,827.29,DHWANI33,2,https://hoomans-blob-prod.s3.ap-south-1.amazonaws.com/makemypass/event/3cafaf7e-4a5a-4e55-ad88-8355299b7137/event_register/c2a2c7ac-1b7b-4cd4-8103-bf242713fcf7/ticket.png,Day 3 pass: 2,
Pranav R,pranav3757@gmail.com,+919048881163,Festival pass,2026-09-26 15:05:26,Professional,,,15ff4398-32eb-47c9-b231-bbb5fb3a3025,MMP20046277,Approved,724.65,DHWANIFEST,1,https://hoomans-blob-prod.s3.ap-south-1.amazonaws.com/makemypass/event/3cafaf7e-4a5a-4e55-ad88-8355299b7137/event_register/15ff4398-32eb-47c9-b231-bbb5fb3a3025/ticket.png,Festival pass: 1,
Ebrahim Adhilsha,adhil9644@gmail.com,+919744088942,Day 3 pass,2026-09-26 15:07:24,Student,COLLEGE OF ENGINEERING CHENGANNUR,,17cf348c-5719-4a5f-b7bb-354853624ece,MMP15642998,Approved,1240.93,DHWANI33,3,https://hoomans-blob-prod.s3.ap-south-1.amazonaws.com/makemypass/event/3cafaf7e-4a5a-4e55-ad88-8355299b7137/event_register/17cf348c-5719-4a5f-b7bb-354853624ece/91-ticket.png,Day 3 pass: 3,
Sreyas S,angeljose260299@gmail.com,+917907256571,Day 3 pass,2026-09-26 15:17:11,Professional,,,df9f0710-0b05-43e6-ac8e-434bdff676a1,MMP76882129,Approved,413.64,DHWANI33,1,https://hoomans-blob-prod.s3.ap-south-1.amazonaws.com/makemypass/event/3cafaf7e-4a5a-4e55-ad88-8355299b7137/event_register/df9f0710-0b05-43e6-ac8e-434bdff676a1/ticket.png,Day 3 pass: 1,
Adithya V,adithyabenglavil@gmail.com,+918129427287,Day 3 pass,2026-09-26 15:26:23,Student,Vidya Academy of Science and TechnologyTechnical Campus,,02fc6408-00cf-4d51-96a2-c1333f0d39b7,MMP96593443,Approved,827.29,DHWANI33,2,https://hoomans-blob-prod.s3.ap-south-1.amazonaws.com/makemypass/event/3cafaf7e-4a5a-4e55-ad88-8355299b7137/event_register/02fc6408-00cf-4d51-96a2-c1333f0d39b7/77-ticket.png,Day 3 pass: 2,
Deva Prasad,meghasmohan2001@gmail.com,+916282441996,Day 3 pass,2026-09-26 15:29:37,Professional,,,f95aab2b-6315-4d14-8111-381bfc238c82,MMP63721260,Approved,827.29,DHWANI33,2,https://hoomans-blob-prod.s3.ap-south-1.amazonaws.com/makemypass/event/3cafaf7e-4a5a-4e55-ad88-8355299b7137/event_register/f95aab2b-6315-4d14-8111-381bfc238c82/ticket.png,Day 3 pass: 2,
Layana Sanoj,layanasanoj@gmail.com,+918089007967,Day 3 pass,2026-09-26 15:35:52,Student,LBSITW,DCA074,e515f842-f5bb-4640-9084-c19a064732c0,MMP42489922,Approved,413.64,DHWANI33,1,https://hoomans-blob-prod.s3.ap-south-1.amazonaws.com/makemypass/event/3cafaf7e-4a5a-4e55-ad88-8355299b7137/event_register/e515f842-f5bb-4640-9084-c19a064732c0/ticket.png,Day 3 pass: 1,
Miriam Mohan George,miriammohangeorge@gmail.com,+919074648047,Day 3 pass,2026-09-26 15:39:46,Professional,,,05fee7cb-76ff-434d-b865-a81df0bcff5b,MMP54161599,Approved,413.64,DHWANI33,1,https://hoomans-blob-prod.s3.ap-south-1.amazonaws.com/makemypass/event/3cafaf7e-4a5a-4e55-ad88-8355299b7137/event_register/05fee7cb-76ff-434d-b865-a81df0bcff5b/ticket.png,Day 3 pass: 1,
Neha S Pillai,nehaspillai2006@gmail.com,+919446401277,Day 3 pass,2026-09-26 15:43:41,Student,Sree chitra thirunal collage of engineering,,1b6958d5-4360-4928-86fe-c731b7c7813a,MMP82364062,Approved,413.64,DHWANI33,1,https://hoomans-blob-prod.s3.ap-south-1.amazonaws.com/makemypass/event/3cafaf7e-4a5a-4e55-ad88-8355299b7137/event_register/1b6958d5-4360-4928-86fe-c731b7c7813a/ticket.png,Day 3 pass: 1,
Vishnu Rahul,dhanushvishnu67@gmail.com,+917902411406,Day 1 Pass,2026-09-26 16:16:12,Student,Capital institute,,93d00b85-1916-4df7-bb22-c9c6d0ae4a73,MMP77675089,Approved,308.94,DHWANI50,2,https://hoomans-blob-prod.s3.ap-south-1.amazonaws.com/makemypass/event/3cafaf7e-4a5a-4e55-ad88-8355299b7137/event_register/93d00b85-1916-4df7-bb22-c9c6d0ae4a73/ticket.png,Day 1 Pass: 2,
Vishnu Potti,vishnupottik@gmail.com,+919747120326,Day 3 pass,2026-09-26 16:17:22,Student,Marian engineering college,,5add05e8-ede0-49ac-9ecd-9aea4ae75880,MMP55287830,Approved,413.64,DHWANI33,1,https://hoomans-blob-prod.s3.ap-south-1.amazonaws.com/makemypass/event/3cafaf7e-4a5a-4e55-ad88-8355299b7137/event_register/5add05e8-ede0-49ac-9ecd-9aea4ae75880/ticket.png,Day 3 pass: 1,
SARIN RAJEEV,sarinrajeev22@gmail.com,+919747932686,Festival pass,2026-09-26 16:32:44,Professional,,,e741560e-8def-45cd-9454-1f9fd0921665,MMP28091130,Approved,724.65,DHWANIFEST,1,https://hoomans-blob-prod.s3.ap-south-1.amazonaws.com/makemypass/event/3cafaf7e-4a5a-4e55-ad88-8355299b7137/event_register/e741560e-8def-45cd-9454-1f9fd0921665/ticket.png,Festival pass: 1,mmp_web
IRFANA M,irfanam1616@gmail.com,+917736271023,Day 3 pass,2026-09-26 16:35:01,Student,Mar baselios college of engineering and technology,,f763157e-6c9b-403e-8528-027f4c8d2378,MMP45186320,Approved,413.64,DHWANI33,1,https://hoomans-blob-prod.s3.ap-south-1.amazonaws.com/makemypass/event/3cafaf7e-4a5a-4e55-ad88-8355299b7137/event_register/f763157e-6c9b-403e-8528-027f4c8d2378/ticket.png,Day 3 pass: 1,
Aaliya S,aaliyasaj2007@gmail.com,+918590655073,Day 3 pass,2026-09-26 16:38:49,Student,Sctce,DCA074,8af780e8-f0fb-42e2-a19b-bc05183d7820,MMP94568236,Approved,413.64,DHWANI33,1,https://hoomans-blob-prod.s3.ap-south-1.amazonaws.com/makemypass/event/3cafaf7e-4a5a-4e55-ad88-8355299b7137/event_register/8af780e8-f0fb-42e2-a19b-bc05183d7820/19-ticket.png,Day 3 pass: 1,
Adithya Babu,adithyababu6282@gmail.com,+917559951801,Day 3 pass,2026-09-26 16:42:05,Student,Lbs poojappura,DCA074,7ab89300-1cd1-408e-a784-d3a9642de945,MMP47071027,Approved,413.64,DHWANI33,1,https://hoomans-blob-prod.s3.ap-south-1.amazonaws.com/makemypass/event/3cafaf7e-4a5a-4e55-ad88-8355299b7137/event_register/7ab89300-1cd1-408e-a784-d3a9642de945/ticket.png,Day 3 pass: 1,
Iswarya G R,iswaryarajan20@gmail.com,+919188026046,Day 3 pass,2026-09-26 16:44:48,Professional,,,97455a20-6547-4ae9-acdd-40262b9c0724,MMP20157625,Approved,413.64,DHWANI33,1,https://hoomans-blob-prod.s3.ap-south-1.amazonaws.com/makemypass/event/3cafaf7e-4a5a-4e55-ad88-8355299b7137/event_register/97455a20-6547-4ae9-acdd-40262b9c0724/ticket.png,Day 3 pass: 1,
Devananda T S,devanandasuresh45@gmail.com,+918281644380,Day 3 pass,2026-09-26 17:05:29,Student,LBS INSTITUTE OF TECHNOLOGY FOR WOMEN,DCA074,195fc87a-10c7-4549-b57f-a2145bf57f9e,MMP62375520,Approved,413.64,DHWANI33,1,https://hoomans-blob-prod.s3.ap-south-1.amazonaws.com/makemypass/event/3cafaf7e-4a5a-4e55-ad88-8355299b7137/event_register/195fc87a-10c7-4549-b57f-a2145bf57f9e/ticket.png,Day 3 pass: 1,
Gadha Anil,gadhaaa.013@gmail.com,+918089162130,Day 3 pass,2026-09-26 17:11:21,Student,SCT TVM,DCA074,45e3bfa4-e095-475c-b3bd-819168f1ac72,MMP62786373,Approved,413.64,DHWANI33,1,https://hoomans-blob-prod.s3.ap-south-1.amazonaws.com/makemypass/event/3cafaf7e-4a5a-4e55-ad88-8355299b7137/event_register/45e3bfa4-e095-475c-b3bd-819168f1ac72/ticket.png,Day 3 pass: 1,
Mithuna Prasad,mithunaprasad21@gmail.com,+918281145109,Day 3 pass,2026-09-26 17:21:23,Student,SCT TVM,DCA074,422dbfcd-03ca-421d-8c7c-a78b922b9871,MMP74983711,Approved,413.64,DHWANI33,1,https://hoomans-blob-prod.s3.ap-south-1.amazonaws.com/makemypass/event/3cafaf7e-4a5a-4e55-ad88-8355299b7137/event_register/422dbfcd-03ca-421d-8c7c-a78b922b9871/ticket.png,Day 3 pass: 1,
Sidharth Sanjeev N,sidharthsanjeev2006@gmail.com,+918590274291,Day 3 pass,2026-09-26 17:22:35,Student,Cec,,0721c604-ad86-4ab6-897c-46712080312d,MMP53958621,Approved,413.64,DHWANI33,1,https://hoomans-blob-prod.s3.ap-south-1.amazonaws.com/makemypass/event/3cafaf7e-4a5a-4e55-ad88-8355299b7137/event_register/0721c604-ad86-4ab6-897c-46712080312d/ticket.png,Day 3 pass: 1,
Jason joy poopady,jason.joy97@gmail.com,+918281619231,Day 3 pass,2026-09-26 17:25:49,Professional,,,e38191e6-286b-41e9-b98f-df964d646072,MMP90277542,Approved,2481.86,DHWANI33,6,https://hoomans-blob-prod.s3.ap-south-1.amazonaws.com/makemypass/event/3cafaf7e-4a5a-4e55-ad88-8355299b7137/event_register/e38191e6-286b-41e9-b98f-df964d646072/90-ticket.png,Day 3 pass: 6,
Adwaith Krishna,adwaithpu10@gmail.com,+916282914842,Day 3 pass,2026-09-26 17:28:40,Student,SCT TVM,DCA074,2891c50c-7fff-4793-bd6a-ceae5bb23a5d,MMP10501535,Approved,413.64,DHWANI33,1,https://hoomans-blob-prod.s3.ap-south-1.amazonaws.com/makemypass/event/3cafaf7e-4a5a-4e55-ad88-8355299b7137/event_register/2891c50c-7fff-4793-bd6a-ceae5bb23a5d/ticket.png,Day 3 pass: 1,
Akshai S,achu8044@gmail.com,+919061802248,Day 3 pass,2026-09-26 17:29:03,Professional,,,f89b537a-130c-44bd-8f29-22518c0017e6,MMP51369365,Approved,827.29,DHWANI33,2,https://hoomans-blob-prod.s3.ap-south-1.amazonaws.com/makemypass/event/3cafaf7e-4a5a-4e55-ad88-8355299b7137/event_register/f89b537a-130c-44bd-8f29-22518c0017e6/16-ticket.png,Day 3 pass: 2,
Nidhi Mathew,nidhimathew6870@gmail.com,+918714724561,Day 3 pass,2026-09-26 17:29:53,Student,LBS Institute Of Technology for Women Poojappura Thiruvananthapuram,,980ddcd9-0b28-45e7-b2ea-b443f453f4c9,MMP55749455,Approved,413.64,DHWANI33,1,https://hoomans-blob-prod.s3.ap-south-1.amazonaws.com/makemypass/event/3cafaf7e-4a5a-4e55-ad88-8355299b7137/event_register/980ddcd9-0b28-45e7-b2ea-b443f453f4c9/ticket.png,Day 3 pass: 1,
Rahul Nair,rahnair46@gmail.com,+918714980080,Day 3 pass,2026-09-26 17:37:10,Student,Medical college trivandrum,DCA074,696ad870-e8a0-4a73-8cbe-96ae6d56ac31,MMP86099482,Approved,413.64,DHWANI33,1,https://hoomans-blob-prod.s3.ap-south-1.amazonaws.com/makemypass/event/3cafaf7e-4a5a-4e55-ad88-8355299b7137/event_register/696ad870-e8a0-4a73-8cbe-96ae6d56ac31/ticket.png,Day 3 pass: 1,
Sabarinath Shine,sabarinathshine@gmail.com,+918129977807,Day 3 pass,2026-09-26 17:43:22,Student,MIC,,cb274f28-9dd3-42d2-bb77-3bf0feeb1a8b,MMP71432374,Approved,413.64,DHWANI33,1,https://hoomans-blob-prod.s3.ap-south-1.amazonaws.com/makemypass/event/3cafaf7e-4a5a-4e55-ad88-8355299b7137/event_register/cb274f28-9dd3-42d2-bb77-3bf0feeb1a8b/39-ticket.png,Day 3 pass: 1,
Brijesh Sebastian,brijeshseb11@gmail.com,+916238018831,Day 3 pass,2026-09-26 17:49:13,Student,College of engineering Chengannur,,a6049084-d83f-4e27-aa75-91e967a5fc54,MMP06065780,Approved,413.64,DHWANI33,1,https://hoomans-blob-prod.s3.ap-south-1.amazonaws.com/makemypass/event/3cafaf7e-4a5a-4e55-ad88-8355299b7137/event_register/a6049084-d83f-4e27-aa75-91e967a5fc54/ticket.png,Day 3 pass: 1,
Aswathi TP,nidhimathew6870@gmail.com,+918714724561,Day 3 pass,2026-09-26 17:59:48,Student,LBS Institute Of Technology for Women Poojappura Thiruvananthapuram,,575739a8-5753-4805-bdf2-d7daf813c59e,MMP90216671,Approved,413.64,DHWANI33,1,https://hoomans-blob-prod.s3.ap-south-1.amazonaws.com/makemypass/event/3cafaf7e-4a5a-4e55-ad88-8355299b7137/event_register/575739a8-5753-4805-bdf2-d7daf813c59e/2-ticket.png,Day 3 pass: 1,
Abhishek R S,abhishekrs412@gmail.com,+919633527703,Day 3 pass,2026-09-26 18:02:33,Professional,,,db395f9b-cb49-47d5-a51a-1acc03358034,MMP55994879,Approved,413.64,DHWANI33,1,https://hoomans-blob-prod.s3.ap-south-1.amazonaws.com/makemypass/event/3cafaf7e-4a5a-4e55-ad88-8355299b7137/event_register/db395f9b-cb49-47d5-a51a-1acc03358034/5-ticket.png,Day 3 pass: 1,
Kajal R S,kajalrssr@gmail.com,+919207094379,Festival pass,2026-09-26 18:11:44,Professional,,,9aa62ec7-1bf0-4d6e-8c82-81814ae534a3,MMP30336009,Approved,724.65,DHWANIFEST,1,https://hoomans-blob-prod.s3.ap-south-1.amazonaws.com/makemypass/event/3cafaf7e-4a5a-4e55-ad88-8355299b7137/event_register/9aa62ec7-1bf0-4d6e-8c82-81814ae534a3/20-ticket.png,Festival pass: 1,
Nandhu Krishna S,nandhukrishna.raj@gmail.com,+918138828314,Festival pass,2026-09-26 18:19:34,Professional,,,0159a3f8-bf65-4de7-bfc1-efa7dc2825e8,MMP15762993,Approved,1449.31,DHWANIFEST,2,https://hoomans-blob-prod.s3.ap-south-1.amazonaws.com/makemypass/event/3cafaf7e-4a5a-4e55-ad88-8355299b7137/event_register/0159a3f8-bf65-4de7-bfc1-efa7dc2825e8/7-ticket.png,Festival pass: 2,
MuhammedRoshans,roshansmuhammed@gmail.com,+916238444041,Day 3 pass,2026-09-26 18:43:53,Professional,,,f1a34df9-cd53-4bfe-a5b8-0fcb5b7fa1fe,MMP01290818,Approved,413.64,DHWANI33,1,https://hoomans-blob-prod.s3.ap-south-1.amazonaws.com/makemypass/event/3cafaf7e-4a5a-4e55-ad88-8355299b7137/event_register/f1a34df9-cd53-4bfe-a5b8-0fcb5b7fa1fe/63-ticket.png,Day 3 pass: 1,
Mruthul M,memruthu@gmail.com,+919061461011,Festival pass,2026-09-26 18:46:12,Professional,,,eeaee5a0-af83-4763-b7bd-46dd0893124f,MMP81587070,Approved,724.65,DHWANIFEST,1,https://hoomans-blob-prod.s3.ap-south-1.amazonaws.com/makemypass/event/3cafaf7e-4a5a-4e55-ad88-8355299b7137/event_register/eeaee5a0-af83-4763-b7bd-46dd0893124f/76-ticket.png,Festival pass: 1,
Aleena Sabu,aleenasabu2105@gmail.com,+919400780901,Festival pass,2026-09-26 18:54:22,Student,SCTCE pappanamcode,,cde10d45-2ea8-42b6-9016-140e93646fbe,MMP87433520,Approved,724.65,DHWANIFEST,1,https://hoomans-blob-prod.s3.ap-south-1.amazonaws.com/makemypass/event/3cafaf7e-4a5a-4e55-ad88-8355299b7137/event_register/cde10d45-2ea8-42b6-9016-140e93646fbe/99-ticket.png,Festival pass: 1,
Gaury Santhosh,gaurysanthosh13577@gmail.com,+917736489957,Day 3 pass,2026-09-26 18:59:17,Professional,,,b9766233-de38-46fc-bf97-45b7edee7597,MMP66090431,Approved,1240.93,DHWANI33,3,https://hoomans-blob-prod.s3.ap-south-1.amazonaws.com/makemypass/event/3cafaf7e-4a5a-4e55-ad88-8355299b7137/event_register/b9766233-de38-46fc-bf97-45b7edee7597/41-ticket.png,Day 3 pass: 3,
GOWREESA NAIR I S,gowreesanair@gmail.com,+918848336947,Day 3 pass,2026-09-26 19:14:41,Student,Mar Baselious College of Engineering,,40144cde-483c-4858-ab1b-83ea4c04eeb9,MMP46181580,Approved,827.29,DHWANI33,2,https://hoomans-blob-prod.s3.ap-south-1.amazonaws.com/makemypass/event/3cafaf7e-4a5a-4e55-ad88-8355299b7137/event_register/40144cde-483c-4858-ab1b-83ea4c04eeb9/77-ticket.png,Day 3 pass: 2,
Yadu Krishna Vijayan,amalnizam2005@gmail.com,+917902589953,Day 3 pass,2026-09-26 19:15:55,Student,government medical college trivandrum,DCA293,7708e9c5-bc51-4605-bd3b-71d5f1872ee5,MMP89883061,Approved,413.64,DHWANI33,1,https://hoomans-blob-prod.s3.ap-south-1.amazonaws.com/makemypass/event/3cafaf7e-4a5a-4e55-ad88-8355299b7137/event_register/7708e9c5-bc51-4605-bd3b-71d5f1872ee5/91-ticket.png,Day 3 pass: 1,
Abhishek Minu,abhishek123kdl@gmail.com,+917306197616,Day 3 pass,2026-09-26 19:28:16,Student,Gec Barton hill,,b9348c45-2df2-49f0-bb31-2e18d4fb0328,MMP69623057,Approved,413.64,DHWANI33,1,https://hoomans-blob-prod.s3.ap-south-1.amazonaws.com/makemypass/event/3cafaf7e-4a5a-4e55-ad88-8355299b7137/event_register/b9348c45-2df2-49f0-bb31-2e18d4fb0328/39-ticket.png,Day 3 pass: 1,
Joanne Johnson,itsjoan22@gmail.com,+918589074349,Day 3 pass,2026-09-26 19:29:28,Professional,,,4584e93d-f405-48cc-ae1d-a599929dab75,MMP93349537,Approved,413.64,DHWANI33,1,https://hoomans-blob-prod.s3.ap-south-1.amazonaws.com/makemypass/event/3cafaf7e-4a5a-4e55-ad88-8355299b7137/event_register/4584e93d-f405-48cc-ae1d-a599929dab75/67-ticket.png,Day 3 pass: 1,mmp_web
Alim Muhammed,alimmuhammed487@gmail.com,+918590298297,Day 3 pass,2026-09-26 19:37:13,,,,b617ed50-ceee-4479-be16-f2e9ef6784aa,MMP11296563,Approved,413.64,DHWANI33,1,https://hoomans-blob-prod.s3.ap-south-1.amazonaws.com/makemypass/event/3cafaf7e-4a5a-4e55-ad88-8355299b7137/event_register/b617ed50-ceee-4479-be16-f2e9ef6784aa/52-ticket.png,Day 3 pass: 1,
Nandana R Nambiar,nandananambiar2007@gmail.com,+919526484221,Day 3 pass,2026-09-26 20:10:34,Student,"Government Engineering College,Barton hill",,620165fe-6b4e-4ce8-8d07-9cf8820a9e55,MMP41229630,Approved,413.64,DHWANI33,1,https://hoomans-blob-prod.s3.ap-south-1.amazonaws.com/makemypass/event/3cafaf7e-4a5a-4e55-ad88-8355299b7137/event_register/620165fe-6b4e-4ce8-8d07-9cf8820a9e55/9-ticket.png,Day 3 pass: 1,
Anand S,anands1996@gmail.com,+918448609485,Day 3 pass,2026-09-26 20:26:34,Professional,,,8b32c010-aa72-40d3-93d8-9c22f309b3a5,MMP13857442,Approved,2068.21,DHWANI33,5,https://hoomans-blob-prod.s3.ap-south-1.amazonaws.com/makemypass/event/3cafaf7e-4a5a-4e55-ad88-8355299b7137/event_register/8b32c010-aa72-40d3-93d8-9c22f309b3a5/49-ticket.png,Day 3 pass: 5,mmp_web
Abhinav M,abhinavmabhi500@gmail.com,+917593885649,Day 3 pass,2026-09-26 20:39:04,Student,Amrita Vishwa Vidyapeetham,,503c10d6-32a5-4d2d-b656-a9fd70e7317e,MMP28925663,Approved,413.64,DHWANI33,1,https://hoomans-blob-prod.s3.ap-south-1.amazonaws.com/makemypass/event/3cafaf7e-4a5a-4e55-ad88-8355299b7137/event_register/503c10d6-32a5-4d2d-b656-a9fd70e7317e/41-ticket.png,Day 3 pass: 1,
Abhishek Maheswaran S,maheswaransabhishek@gmail.com,+919074110311,Day 3 pass,2026-09-26 21:00:24,Student,Sree Chitra Thirunal College Of Engineering,DCA117,46c5c2b9-d252-49b9-996b-f1b4b7d080e8,MMP48388849,Approved,2068.21,DHWANI33,5,https://hoomans-blob-prod.s3.ap-south-1.amazonaws.com/makemypass/event/3cafaf7e-4a5a-4e55-ad88-8355299b7137/event_register/46c5c2b9-d252-49b9-996b-f1b4b7d080e8/77-ticket.png,Day 3 pass: 5,
Aswathy A,teenach359@gmail.com,+919633112883,Day 3 pass,2026-09-26 21:03:03,Professional,,,0a00a720-af5f-47ee-abd3-89ef1282c0e4,MMP50389986,Approved,3722.79,DHWANI33,9,https://hoomans-blob-prod.s3.ap-south-1.amazonaws.com/makemypass/event/3cafaf7e-4a5a-4e55-ad88-8355299b7137/event_register/0a00a720-af5f-47ee-abd3-89ef1282c0e4/79-ticket.png,Day 3 pass: 9,
Revathy M S,sreeragkt7798@gmail.com,+918592817798,Day 2 Pass,2026-09-26 21:20:48,Student,NIT Calicut,,f0c4a99e-442f-4fdb-a9b0-050d851d62b7,MMP52044945,Approved,413.64,EARLYBIRD50,1,https://hoomans-blob-prod.s3.ap-south-1.amazonaws.com/makemypass/event/3cafaf7e-4a5a-4e55-ad88-8355299b7137/event_register/f0c4a99e-442f-4fdb-a9b0-050d851d62b7/82-ticket.png,Day 2 Pass: 1,
Murphy Mahesh,murphymahesh@gmail.com,+917907980370,Day 3 pass,2026-09-26 21:23:36,Student,Trivandrum medical collage,DCA293,d31f4141-2b90-4335-9d20-ea29ff952b05,MMP78919673,Approved,517.31,DHWANI200,1,https://hoomans-blob-prod.s3.ap-south-1.amazonaws.com/makemypass/event/3cafaf7e-4a5a-4e55-ad88-8355299b7137/event_register/d31f4141-2b90-4335-9d20-ea29ff952b05/15-ticket.png,Day 3 pass: 1,
Sravan Y S,aleenasr.mct@gmail.com,+917012664564,Day 3 pass,2026-09-26 21:31:05,Professional,,,9ee85f96-48bc-4637-8ca2-64fc57b9de4c,MMP47409555,Approved,517.31,DHWANI200,1,https://hoomans-blob-prod.s3.ap-south-1.amazonaws.com/makemypass/event/3cafaf7e-4a5a-4e55-ad88-8355299b7137/event_register/9ee85f96-48bc-4637-8ca2-64fc57b9de4c/98-ticket.png,Day 3 pass: 1,
Hanna S Hassan,hannahassan7861@gmail.com,+917594855910,Day 1 Pass,2026-09-26 21:52:14,Student,Marian Engineering College,,c8e36b37-c33d-4ecf-8bc0-460738747d63,MMP39135304,Approved,206.30,,1,https://hoomans-blob-prod.s3.ap-south-1.amazonaws.com/makemypass/event/3cafaf7e-4a5a-4e55-ad88-8355299b7137/event_register/c8e36b37-c33d-4ecf-8bc0-460738747d63/40-ticket.png,Day 1 Pass: 1,
Aavani,aavanirk133@gmail.com,+916238479559,Day 3 pass,2026-09-26 22:03:28,Student,Al azhar medical college,,dede5550-1147-4fbd-a308-f0a399b60f51,MMP75714115,Approved,1551.94,DHWANI200,3,https://hoomans-blob-prod.s3.ap-south-1.amazonaws.com/makemypass/event/3cafaf7e-4a5a-4e55-ad88-8355299b7137/event_register/dede5550-1147-4fbd-a308-f0a399b60f51/33-ticket.png,Day 3 pass: 3,
CLERINE MARIA IGNATIOUS,clerinemariaignatious@gmail.com,+919207119640,Festival pass,2026-09-26 22:03:55,Professional,,,c658d8ad-dbd1-4bae-a021-e95d984410e6,MMP57797645,Approved,1449.31,DHWANIFEST,2,https://hoomans-blob-prod.s3.ap-south-1.amazonaws.com/makemypass/event/3cafaf7e-4a5a-4e55-ad88-8355299b7137/event_register/c658d8ad-dbd1-4bae-a021-e95d984410e6/85-ticket.png,Festival pass: 2,
Navneetha V Nair,navneetha231@gmail.com,+919539523124,Festival pass,2026-09-26 22:05:56,Student,"Jain(Deemed-to-be) University, Kochi",,817f01df-1449-4c53-8478-54e144a0a747,MMP55204146,Approved,1449.31,DHWANIFEST,2,https://hoomans-blob-prod.s3.ap-south-1.amazonaws.com/makemypass/event/3cafaf7e-4a5a-4e55-ad88-8355299b7137/event_register/817f01df-1449-4c53-8478-54e144a0a747/17-ticket.png,Festival pass: 2,
Dhanush I S,dhanushirshikesan456@gmail.com,+918921963065,Day 1 Pass,2026-09-26 22:07:35,Student,Govt. College of Nursing TVM,,2bdefaaf-5bcc-4802-b3cf-f3b52c43f269,MMP41992089,Approved,618.91,,3,https://hoomans-blob-prod.s3.ap-south-1.amazonaws.com/makemypass/event/3cafaf7e-4a5a-4e55-ad88-8355299b7137/event_register/2bdefaaf-5bcc-4802-b3cf-f3b52c43f269/84-ticket.png,Day 1 Pass: 3,
Shinoj,shinojpapursshinoj@gmail.com,+919539190142,Day 3 pass,2026-09-26 22:07:43,Professional,,,5a781fef-c73e-470e-bfa4-2ca520f7eec7,MMP61721561,Approved,724.65,,1,https://hoomans-blob-prod.s3.ap-south-1.amazonaws.com/makemypass/event/3cafaf7e-4a5a-4e55-ad88-8355299b7137/event_register/5a781fef-c73e-470e-bfa4-2ca520f7eec7/1-ticket.png,Day 3 pass: 1,
Arjun Anil,arjunanil325@gmail.com,+919567108451,Day 3 pass,2026-09-26 22:16:09,Professional,,,c4c7c13c-d319-4dd7-8bf8-459c2f7c60bc,MMP75642762,Approved,1034.63,DHWANI200,2,https://hoomans-blob-prod.s3.ap-south-1.amazonaws.com/makemypass/event/3cafaf7e-4a5a-4e55-ad88-8355299b7137/event_register/c4c7c13c-d319-4dd7-8bf8-459c2f7c60bc/38-ticket.png,Day 3 pass: 2,
Devika A N,devikaofficial003@gmail.com,+919847031636,Day 3 pass,2026-09-26 22:25:10,Student,GMC Trivandrum,DCA293,04b41e4c-fb5e-4263-a91a-e4095a0fa921,MMP05406745,Approved,517.31,DHWANI200,1,https://hoomans-blob-prod.s3.ap-south-1.amazonaws.com/makemypass/event/3cafaf7e-4a5a-4e55-ad88-8355299b7137/event_register/04b41e4c-fb5e-4263-a91a-e4095a0fa921/41-ticket.png,Day 3 pass: 1,
Aleena Jacob,aleenapullatt@gmail.com,+918078460576,Festival pass,2026-09-26 22:28:38,Professional,,,9fe21425-45e7-4a65-a5c7-e84f8fbc828c,MMP01898423,Approved,724.65,DHWANIFEST,1,https://hoomans-blob-prod.s3.ap-south-1.amazonaws.com/makemypass/event/3cafaf7e-4a5a-4e55-ad88-8355299b7137/event_register/9fe21425-45e7-4a65-a5c7-e84f8fbc828c/26-ticket.png,Festival pass: 1,
Hiran B,hiranbraj@gmail.com,+919847504757,Festival pass,2026-09-26 22:35:57,Professional,,,7263753b-9eee-4272-9447-182453f15b0c,MMP45938365,Approved,724.65,DHWANIFEST,1,https://hoomans-blob-prod.s3.ap-south-1.amazonaws.com/makemypass/event/3cafaf7e-4a5a-4e55-ad88-8355299b7137/event_register/7263753b-9eee-4272-9447-182453f15b0c/51-ticket.png,Festival pass: 1,
Carolin Philip,carolinphilip@gmail.com,+919595249812,Day 3 pass,2026-09-26 22:45:51,Professional,,,52d18f3a-e216-4831-98ec-41870b5fd92d,MMP51433412,Approved,1034.63,DHWANI200,2,https://hoomans-blob-prod.s3.ap-south-1.amazonaws.com/makemypass/event/3cafaf7e-4a5a-4e55-ad88-8355299b7137/event_register/52d18f3a-e216-4831-98ec-41870b5fd92d/92-ticket.png,Day 3 pass: 2,
ANU E B,3anubenny@gmail.com,+918089562694,Day 2 Pass,2026-09-26 22:58:21,Professional,,,e57a134f-ab43-4cfa-b18f-2b6e12f13d27,MMP18646234,Approved,1240.93,EARLYBIRD50,3,https://hoomans-blob-prod.s3.ap-south-1.amazonaws.com/makemypass/event/3cafaf7e-4a5a-4e55-ad88-8355299b7137/event_register/e57a134f-ab43-4cfa-b18f-2b6e12f13d27/16-ticket.png,Day 2 Pass: 3,
Abhijith S,abhijiths473@gmail.com,+919496120473,Festival pass,2026-09-26 23:04:35,Professional,,,8037362c-6f77-491a-b1fa-53dc2e1c6438,MMP93463446,Approved,1449.31,DHWANIFEST,2,https://hoomans-blob-prod.s3.ap-south-1.amazonaws.com/makemypass/event/3cafaf7e-4a5a-4e55-ad88-8355299b7137/event_register/8037362c-6f77-491a-b1fa-53dc2e1c6438/33-ticket.png,Festival pass: 2,mmp_web
Karthik S,sreenu25462@gmail.com,+918921987194,Day 1 Pass,2026-09-26 23:06:01,Professional,,,1f2ce1ab-571b-48d7-8949-4c15c1465002,MMP39093232,Approved,206.30,,1,https://hoomans-blob-prod.s3.ap-south-1.amazonaws.com/makemypass/event/3cafaf7e-4a5a-4e55-ad88-8355299b7137/event_register/1f2ce1ab-571b-48d7-8949-4c15c1465002/61-ticket.png,Day 1 Pass: 1,
Devanandan,harithaa755@gmail.com,+916238967833,Day 3 pass,2026-09-26 23:12:45,Student,Shushruthi college of Nursing Banglore,,6c75dec9-2f9e-47e6-9316-88c9642617a8,MMP17876848,Approved,517.31,DHWANI200,1,https://hoomans-blob-prod.s3.ap-south-1.amazonaws.com/makemypass/event/3cafaf7e-4a5a-4e55-ad88-8355299b7137/event_register/6c75dec9-2f9e-47e6-9316-88c9642617a8/10-ticket.png,Day 3 pass: 1,
Aryan Arun,aryanarun187@gmail.com,+916238003886,Day 3 pass,2026-09-26 23:21:55,Student,National Law School of India University,,99765855-0a92-40e0-882d-0c2e93ef4734,MMP58734506,Approved,1034.63,DHWANI200,2,https://hoomans-blob-prod.s3.ap-south-1.amazonaws.com/makemypass/event/3cafaf7e-4a5a-4e55-ad88-8355299b7137/event_register/99765855-0a92-40e0-882d-0c2e93ef4734/15-ticket.png,Day 3 pass: 2,
Sonal v Sunil,sonalv1074@gmail.com,+918921941293,Day 3 pass,2026-09-26 23:31:04,Student,Ace college of engineering,DCA223,f79bf88e-4670-4f44-9982-596d2b0d3ebf,MMP83473154,Approved,5173.13,DHWANI200,10,https://hoomans-blob-prod.s3.ap-south-1.amazonaws.com/makemypass/event/3cafaf7e-4a5a-4e55-ad88-8355299b7137/event_register/f79bf88e-4670-4f44-9982-596d2b0d3ebf/1-ticket.png,Day 3 pass: 10,
Deva Nanda R Hari,devanandarhari29@gmail.com,+919037487998,Day 3 pass,2026-09-26 23:35:09,Student,LBS Institute of Technology for Women,DCA074,a7316228-a460-4f08-84f0-b95fcbf3a6ba,MMP56579363,Approved,517.31,DHWANI200,1,https://hoomans-blob-prod.s3.ap-south-1.amazonaws.com/makemypass/event/3cafaf7e-4a5a-4e55-ad88-8355299b7137/event_register/a7316228-a460-4f08-84f0-b95fcbf3a6ba/37-ticket.png,Day 3 pass: 1,
Aiswarya A,aiswaryasalvi@gmail.com,+918848579840,Day 3 pass,2026-09-26 23:45:42,Student,CEP,,d7240841-f258-4a8c-9f09-2c2083b004bf,MMP25211971,Approved,2481.86,DHWANI4444,6,https://hoomans-blob-prod.s3.ap-south-1.amazonaws.com/makemypass/event/3cafaf7e-4a5a-4e55-ad88-8355299b7137/event_register/d7240841-f258-4a8c-9f09-2c2083b004bf/5-ticket.png,Day 3 pass: 6,
Sooryajith S,ssuryodhayam@gmail.com,+919567650158,Day 3 pass,2026-09-26 23:47:37,Professional,,DCA006,ebd2380b-d250-44e8-bda2-f9750929632a,MMP53178144,Approved,517.31,DHWANI200,1,https://hoomans-blob-prod.s3.ap-south-1.amazonaws.com/makemypass/event/3cafaf7e-4a5a-4e55-ad88-8355299b7137/event_register/ebd2380b-d250-44e8-bda2-f9750929632a/87-ticket.png,Day 3 pass: 1,
Jenifer Joseph,josephjenifer2@gmail.com,+919567041817,Festival pass,2026-09-27 00:39:04,Student,Sh college,DCA006,883f4908-5fe8-430b-861a-ff7ab256be47,MMP65387901,Approved,724.65,DHWANIFEST,1,https://hoomans-blob-prod.s3.ap-south-1.amazonaws.com/makemypass/event/3cafaf7e-4a5a-4e55-ad88-8355299b7137/event_register/883f4908-5fe8-430b-861a-ff7ab256be47/62-ticket.png,Festival pass: 1,
Ahsan,khansfatheen@gmail.com,+919744108436,Day 3 pass,2026-09-27 01:43:15,Professional,,nil,8feb2746-3e56-42d4-8fbe-86a4ade4c2f2,MMP85523903,Approved,517.31,DHWANI200,1,https://hoomans-blob-prod.s3.ap-south-1.amazonaws.com/makemypass/event/3cafaf7e-4a5a-4e55-ad88-8355299b7137/event_register/8feb2746-3e56-42d4-8fbe-86a4ade4c2f2/76-ticket.png,Day 3 pass: 1,
Alfiya NS,alfyyahnahasalfyyahnahas@gmail.com,+918129953357,Day 2 Pass,2026-09-27 08:31:45,Student,UKF COLLEGE OF ENGINEERING,,1d249d02-96d4-4b21-9b19-ab8aeca6e4f0,MMP89497189,Approved,413.64,EARLYBIRD50,1,https://hoomans-blob-prod.s3.ap-south-1.amazonaws.com/makemypass/event/3cafaf7e-4a5a-4e55-ad88-8355299b7137/event_register/1d249d02-96d4-4b21-9b19-ab8aeca6e4f0/60-ticket.png,Day 2 Pass: 1,mmp_web
Pavithra kv,pavithravikraman2004@gmail.com,+917907423257,Festival pass,2026-09-27 08:50:18,Student,LBSITW Trivandrum,DCA222,04b64039-efb5-4dc1-b254-881ff516e94a,MMP92274281,Approved,724.65,DHWANIFEST,1,https://hoomans-blob-prod.s3.ap-south-1.amazonaws.com/makemypass/event/3cafaf7e-4a5a-4e55-ad88-8355299b7137/event_register/04b64039-efb5-4dc1-b254-881ff516e94a/55-ticket.png,Festival pass: 1,
Fathima marva kt,ktmarwa51@gmail.com,+918157013940,Day 3 pass,2026-09-27 08:50:41,Student,Adi Shankara Institute of Engineering and Technology,DCA033,608861ee-4491-4fd0-849b-a01f9238eea3,MMP16321986,Approved,2586.56,DHWANI200,5,https://hoomans-blob-prod.s3.ap-south-1.amazonaws.com/makemypass/event/3cafaf7e-4a5a-4e55-ad88-8355299b7137/event_register/608861ee-4491-4fd0-849b-a01f9238eea3/54-ticket.png,Day 3 pass: 5,
Amrutha S Rajeev,amruthajawaharschool@gmail.com,+919037063658,Day 3 pass,2026-09-27 09:10:42,Student,Lbs institute of technology for women poojappura,DCA 006,995cfcfc-305c-4a02-b5bd-c1f4c6934d7e,MMP02725467,Approved,517.31,DHWANI200,1,https://hoomans-blob-prod.s3.ap-south-1.amazonaws.com/makemypass/event/3cafaf7e-4a5a-4e55-ad88-8355299b7137/event_register/995cfcfc-305c-4a02-b5bd-c1f4c6934d7e/76-ticket.png,Day 3 pass: 1,
Sanjay,ktmarwa51@gmail.com,+918157013940,Day 3 pass,2026-09-27 09:12:34,Student,Adi Shankara Institute of Engineering and Technology,DCA033,e93a481c-5c3b-4932-ae01-a9c56a39a7a0,MMP86491781,Approved,517.31,DHWANI200,1,https://hoomans-blob-prod.s3.ap-south-1.amazonaws.com/makemypass/event/3cafaf7e-4a5a-4e55-ad88-8355299b7137/event_register/e93a481c-5c3b-4932-ae01-a9c56a39a7a0/10-ticket.png,Day 3 pass: 1,
Abhijith,ktmarwa51@gmail.com,+918157013940,Day 3 pass,2026-09-27 09:43:59,Student,Adi Shankara Institute of Engineering and Technology,DCA033,865a4c53-10f1-4664-a0ec-5fb46aadefc1,MMP25590067,Approved,517.31,DHWANI200,1,https://hoomans-blob-prod.s3.ap-south-1.amazonaws.com/makemypass/event/3cafaf7e-4a5a-4e55-ad88-8355299b7137/event_register/865a4c53-10f1-4664-a0ec-5fb46aadefc1/92-ticket.png,Day 3 pass: 1,
V R Gourikrishna,gourivr122@gmail.com,+917736171899,Day 2 Pass,2026-09-27 10:10:05,Student,University College of engineering Kariyavattom,,0adb9c5c-1e68-476c-a45e-14e8ff49e28e,MMP28180675,Approved,413.64,EARLYBIRD50,1,https://hoomans-blob-prod.s3.ap-south-1.amazonaws.com/makemypass/event/3cafaf7e-4a5a-4e55-ad88-8355299b7137/event_register/0adb9c5c-1e68-476c-a45e-14e8ff49e28e/87-ticket.png,Day 2 Pass: 1,
Adithyan V S,vsadithyan007@gmail.com,+919995504852,Day 3 pass,2026-09-27 10:45:06,Professional,,,4dc9e2ef-b7c6-4ad3-9095-d5cb715f30d0,MMP31178020,Approved,517.31,DHWANI200,1,https://hoomans-blob-prod.s3.ap-south-1.amazonaws.com/makemypass/event/3cafaf7e-4a5a-4e55-ad88-8355299b7137/event_register/4dc9e2ef-b7c6-4ad3-9095-d5cb715f30d0/65-ticket.png,Day 3 pass: 1,
Gayathry PrameelaSibu,gayathryprameela@gmail.com,+918848574827,Day 2 Pass,2026-09-27 10:49:25,Student,VIT Vellore,,89c0629b-b826-4c32-a9fd-156ec5eadf3b,MMP49962965,Approved,413.64,EARLYBIRD50,1,https://hoomans-blob-prod.s3.ap-south-1.amazonaws.com/makemypass/event/3cafaf7e-4a5a-4e55-ad88-8355299b7137/event_register/89c0629b-b826-4c32-a9fd-156ec5eadf3b/55-ticket.png,Day 2 Pass: 1,day2
Naisam,naisampksam@gmail.com,+918086100691,Festival pass,2026-09-27 10:57:43,Professional,,,f1d2c1ba-6e74-41ce-9d88-a6694d6e3775,MMP84329367,Approved,724.65,DHWANIFEST,1,https://hoomans-blob-prod.s3.ap-south-1.amazonaws.com/makemypass/event/3cafaf7e-4a5a-4e55-ad88-8355299b7137/event_register/f1d2c1ba-6e74-41ce-9d88-a6694d6e3775/70-ticket.png,Festival pass: 1,mmp_web
AKSHAY G,akshaygopu2006@gmail.com,+919746971431,Day 2 Pass,2026-09-27 11:18:08,Student,University College of Engineering Kariavattom,DCA006,d6305621-2b88-4689-9f76-4d796a4c3ea2,MMP59913028,Approved,413.64,EARLYBIRD50,1,https://hoomans-blob-prod.s3.ap-south-1.amazonaws.com/makemypass/event/3cafaf7e-4a5a-4e55-ad88-8355299b7137/event_register/d6305621-2b88-4689-9f76-4d796a4c3ea2/53-ticket.png,Day 2 Pass: 1,
Angelina Aji Panicker,angelinaaji2020@gmail.com,+918891575034,Day 2 Pass,2026-09-27 11:22:48,Student,FISAT,,13e9108a-47e2-4491-a522-12a9544b05c7,MMP39732588,Approved,413.64,EARLYBIRD50,1,https://hoomans-blob-prod.s3.ap-south-1.amazonaws.com/makemypass/event/3cafaf7e-4a5a-4e55-ad88-8355299b7137/event_register/13e9108a-47e2-4491-a522-12a9544b05c7/63-ticket.png,Day 2 Pass: 1,day2
Riya Rajesh,riyarajesh06riya@gmail.com,+919633496553,Day 2 Pass,2026-09-27 11:26:36,Student,"FISAT, SCT",,2f46937a-8e1e-4106-b068-cb300f651f30,MMP58797483,Approved,827.29,EARLYBIRD50,2,https://hoomans-blob-prod.s3.ap-south-1.amazonaws.com/makemypass/event/3cafaf7e-4a5a-4e55-ad88-8355299b7137/event_register/2f46937a-8e1e-4106-b068-cb300f651f30/60-ticket.png,Day 2 Pass: 2,day2
Nayana Girish,nayanagirishm@gmail.com,+917907613237,Day 2 Pass,2026-09-27 11:28:16,Student,Fisat,,9cca1a85-9e88-4c37-ab51-38e870fe535b,MMP14816941,Approved,413.64,EARLYBIRD50,1,https://hoomans-blob-prod.s3.ap-south-1.amazonaws.com/makemypass/event/3cafaf7e-4a5a-4e55-ad88-8355299b7137/event_register/9cca1a85-9e88-4c37-ab51-38e870fe535b/77-ticket.png,Day 2 Pass: 1,day2
Helen Maria Jomon,helenjomon@gmail.com,+917736618436,Day 2 Pass,2026-09-27 11:30:04,Student,FISAT,,56f03897-78a0-4918-b159-b549afbffa12,MMP23127128,Approved,413.64,EARLYBIRD50,1,https://hoomans-blob-prod.s3.ap-south-1.amazonaws.com/makemypass/event/3cafaf7e-4a5a-4e55-ad88-8355299b7137/event_register/56f03897-78a0-4918-b159-b549afbffa12/80-ticket.png,Day 2 Pass: 1,day2
Gowri Nandana,gowrinandana216@gmail.com,+918891922466,Day 2 Pass,2026-09-27 11:33:03,Student,Fisat,,33fdbe08-db9b-452d-8b10-8c7097ea5c7f,MMP33172800,Approved,413.64,EARLYBIRD50,1,https://hoomans-blob-prod.s3.ap-south-1.amazonaws.com/makemypass/event/3cafaf7e-4a5a-4e55-ad88-8355299b7137/event_register/33fdbe08-db9b-452d-8b10-8c7097ea5c7f/32-ticket.png,Day 2 Pass: 1,day2
Aneez Rahuman M,aneezrahumanar710@gmail.com,+917994414770,Day 2 Pass,2026-09-27 11:42:26,Student,University college of engineering Kariavattom,DHWANII33,e7ad24e1-b0d7-48cc-afd5-afc3f9cfb3bc,MMP70889000,Approved,413.64,EARLYBIRD50,1,https://hoomans-blob-prod.s3.ap-south-1.amazonaws.com/makemypass/event/3cafaf7e-4a5a-4e55-ad88-8355299b7137/event_register/e7ad24e1-b0d7-48cc-afd5-afc3f9cfb3bc/18-ticket.png,Day 2 Pass: 1,
Ananya SS,sonalv1074@gmail.com,+918921941293,Day 3 pass,2026-09-27 11:59:16,Student,Ace college of engineering,,b22a177b-5889-4064-81ad-658accd6d00d,MMP32750302,Approved,517.31,DHWANI200,1,https://hoomans-blob-prod.s3.ap-south-1.amazonaws.com/makemypass/event/3cafaf7e-4a5a-4e55-ad88-8355299b7137/event_register/b22a177b-5889-4064-81ad-658accd6d00d/6-ticket.png,Day 3 pass: 1,
Firoz B,fbklik05@gmail.com,+918310323411,Festival pass,2026-09-27 11:59:28,Professional,,DCA270,760f5609-69cd-4723-ad1c-4419463a3b12,MMP24176023,Approved,724.65,DHWANIFEST,1,https://hoomans-blob-prod.s3.ap-south-1.amazonaws.com/makemypass/event/3cafaf7e-4a5a-4e55-ad88-8355299b7137/event_register/760f5609-69cd-4723-ad1c-4419463a3b12/12-ticket.png,Festival pass: 1,
Revathy R S,revathyrs311204@gmail.com,+917356195009,Day 1 Pass,2026-09-27 12:03:17,Student,"LBS Institute of Technology for Women, Poojappura",,e62580d2-d9a0-4613-9e2e-84db7d404158,MMP33175298,Approved,825.21,,4,https://hoomans-blob-prod.s3.ap-south-1.amazonaws.com/makemypass/event/3cafaf7e-4a5a-4e55-ad88-8355299b7137/event_register/e62580d2-d9a0-4613-9e2e-84db7d404158/5-ticket.png,Day 1 Pass: 4,day1
Akshai H,akshaiharikumar546@gmail.com,+917025682545,Day 1 Pass,2026-09-27 12:06:40,Professional,,,66ba0fe3-6827-4e33-8420-5de7d818a76f,MMP29699118,Approved,412.61,,2,https://hoomans-blob-prod.s3.ap-south-1.amazonaws.com/makemypass/event/3cafaf7e-4a5a-4e55-ad88-8355299b7137/event_register/66ba0fe3-6827-4e33-8420-5de7d818a76f/63-ticket.png,Day 1 Pass: 2,day1
ABHISHMA G ANIL,agaabhishma@gmail.com,+919746541236,Day 1 Pass,2026-09-27 12:14:28,Student,CUSAT,DCA033,fa922dbb-4985-4592-ad55-75e152defa41,MMP88696218,Approved,412.61,,2,https://hoomans-blob-prod.s3.ap-south-1.amazonaws.com/makemypass/event/3cafaf7e-4a5a-4e55-ad88-8355299b7137/event_register/fa922dbb-4985-4592-ad55-75e152defa41/76-ticket.png,Day 1 Pass: 2,day1
Abhishek A S,kannanabhi668@gmail.com,+918714305499,Day 3 pass,2026-09-27 12:21:38,Professional,,,ec150097-8b1c-472c-a7c3-15adff33888b,MMP90957002,Approved,1034.63,DHWANI200,2,https://hoomans-blob-prod.s3.ap-south-1.amazonaws.com/makemypass/event/3cafaf7e-4a5a-4e55-ad88-8355299b7137/event_register/ec150097-8b1c-472c-a7c3-15adff33888b/46-ticket.png,Day 3 pass: 2,mmp_web
AKSHITA K SURAJ,akshitaksuraj2021@gmail.com,+919847270908,Day 2 Pass,2026-09-27 12:22:09,Student,SRM ktr,,29573e1b-778b-48e2-a7f5-3084e7e37438,MMP82428811,Approved,413.64,EARLYBIRD50,1,https://hoomans-blob-prod.s3.ap-south-1.amazonaws.com/makemypass/event/3cafaf7e-4a5a-4e55-ad88-8355299b7137/event_register/29573e1b-778b-48e2-a7f5-3084e7e37438/80-ticket.png,Day 2 Pass: 1,
Devadutt J,devaduttj@gmail.com,+918089704974,Festival pass,2026-09-27 12:38:35,Professional,,,a1c7c1bb-2c3b-49fa-bedd-a5d725d1d64d,MMP09891266,Approved,724.65,DHWANIFEST,1,https://hoomans-blob-prod.s3.ap-south-1.amazonaws.com/makemypass/event/3cafaf7e-4a5a-4e55-ad88-8355299b7137/event_register/a1c7c1bb-2c3b-49fa-bedd-a5d725d1d64d/32-ticket.png,Festival pass: 1,day2
Neoma Dheeraj,dneoma@gmail.com,+919562013487,Day 3 pass,2026-09-27 12:39:08,Student,SCTCE,,94e0408e-953e-45e8-a177-43d97aeb213d,MMP73755320,Approved,2069.25,DHWANI200,4,https://hoomans-blob-prod.s3.ap-south-1.amazonaws.com/makemypass/event/3cafaf7e-4a5a-4e55-ad88-8355299b7137/event_register/94e0408e-953e-45e8-a177-43d97aeb213d/42-ticket.png,Day 3 pass: 4,
Fathima S,fathimashams04@gmail.com,+919526364857,Day 2 Pass,2026-09-27 12:46:57,Student,University college of engineering Kariavattom,,6dc33496-d32d-4955-bb02-163708919118,MMP24900125,Approved,413.64,EARLYBIRD50,1,https://hoomans-blob-prod.s3.ap-south-1.amazonaws.com/makemypass/event/3cafaf7e-4a5a-4e55-ad88-8355299b7137/event_register/6dc33496-d32d-4955-bb02-163708919118/22-ticket.png,Day 2 Pass: 1,
HANNAH S MARIAM,akshitaksuraj2021@gmail.com,+917736775435,Day 2 Pass,2026-09-27 12:47:39,Student,SRM KTR,,ad4801c8-11c6-4387-9107-41f7a59cd834,MMP67798178,Approved,413.64,EARLYBIRD50,1,https://hoomans-blob-prod.s3.ap-south-1.amazonaws.com/makemypass/event/3cafaf7e-4a5a-4e55-ad88-8355299b7137/event_register/ad4801c8-11c6-4387-9107-41f7a59cd834/26-ticket.png,Day 2 Pass: 1,
Amalendhu N Haridas,amalendhu1819@gmail.com,+919746342021,Festival pass,2026-09-27 13:20:27,Student,APJAKTU university schools,,009248df-e4a3-4d8a-b78e-d6eadd59c7dd,MMP51339468,Approved,724.65,DHWANIFEST,1,https://hoomans-blob-prod.s3.ap-south-1.amazonaws.com/makemypass/event/3cafaf7e-4a5a-4e55-ad88-8355299b7137/event_register/009248df-e4a3-4d8a-b78e-d6eadd59c7dd/18-ticket.png,Festival pass: 1,
Gowry G.J,greeshmagj6@gmail.com,+917356347501,Festival pass,2026-09-27 14:10:14,Student,LBS,DCA074,82c52432-0ed2-4796-b943-049028977dd1,MMP20152800,Approved,724.65,DHWANIFEST,1,https://hoomans-blob-prod.s3.ap-south-1.amazonaws.com/makemypass/event/3cafaf7e-4a5a-4e55-ad88-8355299b7137/event_register/82c52432-0ed2-4796-b943-049028977dd1/36-ticket.png,Festival pass: 1,
Annu Joe,annujoe2002@gmail.com,+919526310990,Day 3 pass,2026-09-27 14:22:57,Professional,,,09914aa4-8033-4346-b395-53f20a829637,MMP49221285,Approved,1034.63,DHWANI200,2,https://hoomans-blob-prod.s3.ap-south-1.amazonaws.com/makemypass/event/3cafaf7e-4a5a-4e55-ad88-8355299b7137/event_register/09914aa4-8033-4346-b395-53f20a829637/29-ticket.png,Day 3 pass: 2,
